mN (GeV),Ve^2,Total Width,BR Visible,ctau (m),N_events
0.1,1.0000000000000002e-10,7.252729552928345e-29,0.36999113758490804,2716218749952.6953,12.609718679544747
0.15000000000000002,1.0000000000000002e-10,1.6901743406668257e-27,0.7947527032655683,116556023399.50175,950.2811189860594
0.20000000000000004,1.0000000000000002e-10,3.260961048080194e-26,0.9551746595942716,6041163850.024477,29532.7604374541
0.25000000000000006,1.0000000000000002e-10,1.117069989195558e-25,0.9600677835904459,1763542140.6483827,127970.93702231895
0.30000000000000004,1.0000000000000002e-10,2.5184685683500377e-25,0.9559277634058263,782221396.2712411,347659.23487572814
0.3500000000000001,1.0000000000000002e-10,4.692059062963565e-25,0.9488710309593954,419858312.43047535,757857.608664947
0.40000000000000013,1.0000000000000002e-10,7.831254349959088e-25,0.9402750737614135,251556125.2343045,1450257.9820179949
0.45000000000000007,1.0000000000000002e-10,1.2163683862142452e-24,0.930708145537822,161957514.0497785,2545142.8055205997
0.5000000000000001,1.0000000000000002e-10,1.7955806540182054e-24,0.9205071201416326,109713812.94354412,4199998.002340678
0.5500000000000002,1.0000000000000002e-10,2.5741732457461996e-24,0.9106987355130296,76529425.64201571,6685441.997794464
0.6000000000000002,1.0000000000000002e-10,3.62109553552245e-24,0.901916197455013,54403425.16994016,10402737.596376434
0.6500000000000001,1.0000000000000002e-10,4.990867413845238e-24,0.8938130688872042,39472096.46433392,15828501.503843172
0.7000000000000002,1.0000000000000002e-10,6.73224255735789e-24,0.8859723422313637,29262166.109076418,23566769.077847667
0.7500000000000002,1.0000000000000002e-10,8.900653241063567e-24,0.8782234288868788,22133206.93037805,34473228.05313758
0.8000000000000002,1.0000000000000002e-10,1.1716837072198252e-23,0.8722624800115933,16813411.22916544,50639214.55999317
0.8500000000000002,1.0000000000000002e-10,1.6112197545505095e-23,0.8742180046414789,12226761.709172199,79563766.11212875
0.9000000000000002,1.0000000000000002e-10,2.2114876184439654e-23,0.8780430913863652,8908030.88188267,129996862.22146897
0.9500000000000003,1.0000000000000002e-10,2.9795277650204e-23,0.8813825060547099,6611786.012292831,0.0
