mN (GeV),Ve^2,Total Width,BR Visible,ctau (m),N_events,Br(Mto3),N3_events
0.1,1.0000000000000001e-16,7.252729552928346e-35,0.369991137584908,2.716218749952695e+18,1.4940508757203405e-05,2.468192204112256e-08,3.687604724000033e-13
0.1,9.999999999999998e-15,7.252729552928342e-33,0.3699911375849081,2.7162187499526964e+16,0.0014940508757202314,2.468192204112256e-08,3.687604723999764e-11
0.1,1e-12,7.252729552928343e-31,0.3699911375849081,271621874995269.62,0.14940508757202853,2.468192204112256e-08,3.687604723999897e-09
0.1,1.0000000000000002e-10,7.252729552928345e-29,0.36999113758490804,2716218749952.6953,14.940508757201286,2.468192204112256e-08,3.6876047239995106e-07
0.1,1e-08,7.252729552928343e-27,0.36999113758490815,27162187499.52696,1494.0508757058824,2.468192204112256e-08,3.687604723964348e-05
0.1,1e-06,7.252729552928344e-25,0.3699911375849081,271621874.99526954,149405.08742836252,2.468192204112256e-08,0.003687604720453944
0.1,1e-05,7.252729552928345e-24,0.36999113758490804,27162187.499526955,1494050.86135402,2.468192204112256e-08,0.036876046885411934
0.1,0.0001,7.252729552928344e-23,0.36999113758490804,2716218.749952696,14940507.320577813,2.468192204112256e-08,0.3687604369413225
0.1,0.000562,4.0760340087457297e-22,0.36999113758490804,483312.94483144046,83965613.84055632,2.468192204112256e-08,2.0724327349476126
0.1,0.000316,2.291862538725357e-22,0.36999113758490804,859562.8955546503,47211993.32719954,2.468192204112256e-08,1.1652827387079376
0.1,0.0001778,1.2895353145106597e-22,0.369991137584908,1527682.0865875678,26564220.028726827,2.468192204112256e-08,0.6556560078322621
0.1,0.0009999999999999998,7.252729552928343e-22,0.3699911375849081,271621.87499526964,149404943.909652,2.468192204112256e-08,3.6876011781363194
0.1,0.005620000000000001,4.076034008745729e-21,0.3699911375849081,48331.294483144055,839652054.6877161,2.468192204112256e-08,20.724226555470587
0.1,0.0031600000000000005,2.291862538725357e-21,0.36999113758490804,85956.28955546505,472118642.1759892,2.468192204112256e-08,11.652795520348404
0.1,0.001778,1.2895353145106594e-21,0.3699911375849081,152768.2086587568,265641791.5458835,2.468192204112256e-08,6.556549989799627
0.1,0.010000000000000002,7.252729552928346e-21,0.369991137584908,27162.18749952695,1494036509.6234226,2.468192204112256e-08,36.875692657116176
0.12000000000000001,1.0000000000000001e-16,1.8049392254277127e-34,0.37014689643890714,1.0914494916210673e+18,4.505319826528806e-05,2.458336572507177e-08,1.1075592500397454e-12
0.12000000000000001,9.999999999999998e-15,1.8049392254277123e-32,0.3701468964389072,1.0914494916210676e+16,0.004505319826528861,2.458336572507177e-08,1.1075592500397589e-10
0.12000000000000001,1e-12,1.8049392254277125e-30,0.3701468964389071,109144949162106.73,0.45053198265287586,2.458336572507177e-08,1.1075592500397338e-08
0.12000000000000001,1.0000000000000002e-10,1.804939225427713e-28,0.3701468964389071,1091449491621.067,45.05319826527542,2.458336572507177e-08,1.1075592500394347e-06
0.12000000000000001,1e-08,1.8049392254277127e-26,0.37014689643890714,10914494916.210672,4505.319826398214,2.458336572507177e-08,0.00011075592500076416
0.12000000000000001,1e-06,1.8049392254277126e-24,0.3701468964389071,109144949.16210674,450531.9813464906,2.458336572507177e-08,0.011075592468281992
0.12000000000000001,1e-05,1.8049392254277127e-23,0.37014689643890714,10914494.916210672,4505319.695889527,2.458336572507177e-08,0.11075592179242137
0.12000000000000001,0.0001,1.8049392254277128e-22,0.37014689643890714,1091449.4916210673,45053185.201366566,2.458336572507177e-08,1.1075589288845855
0.12000000000000001,0.000562,1.0143758446903746e-21,0.37014689643890714,194208.09459449595,253198561.63545623,2.458336572507177e-08,6.224472841746547
0.12000000000000001,0.000316,5.703607952351572e-22,0.3701468964389072,345395.4087408441,142367976.06731942,2.458336572507177e-08,3.4998840232011785
0.12000000000000001,0.0001778,3.2091819428104734e-22,0.3701468964389071,613863.6060860895,80104545.21692964,2.458336572507177e-08,1.96923933130833
0.12000000000000001,0.0009999999999999998,1.8049392254277123e-21,0.3701468964389071,109144.94916210676,450530676.2647118,2.458336572507177e-08,11.07556038497932
0.12000000000000001,0.005620000000000001,1.0143758446903748e-20,0.37014689643890714,19420.80945944959,2531948481.646685,2.458336572507177e-08,62.24381552136063
0.12000000000000001,0.0031600000000000005,5.703607952351572e-21,0.3701468964389072,34539.54087408441,1423668020.205561,2.458336572507177e-08,34.99855161180217
0.12000000000000001,0.001778,3.2091819428104733e-21,0.37014689643890714,61386.36060860896,801041735.3032824,2.458336572507177e-08,19.692301940006725
0.12000000000000001,0.010000000000000002,1.8049392254277128e-20,0.37014689643890714,10914.494916210671,4505189191.562017,2.458336572507177e-08,110.7527135568095
0.14,1.0000000000000001e-16,4.590970355164768e-34,0.4648202795355566,4.291031846423887e+17,0.000169602285423249,2.440062959980683e-08,4.138402545893416e-12
0.14,9.999999999999998e-15,4.590970355164767e-32,0.4648202795355565,4291031846423887.0,0.01696022854232514,2.440062959980683e-08,4.1384025458934747e-10
0.14,1e-12,4.590970355164767e-30,0.4648202795355565,42910318464238.875,1.6960228542325235,2.440062959980683e-08,4.138402545893498e-08
0.14,1.0000000000000002e-10,4.5909703551647685e-28,0.4648202795355565,429103184642.3886,169.60228542310207,2.440062959980683e-08,4.13840254588983e-06
0.14,1e-08,4.590970355164768e-26,0.4648202795355566,4291031846.4238863,16960.228540849883,2.440062959980683e-08,0.00041384025455335025
0.14,1e-06,4.590970355164767e-24,0.4648202795355566,42910318.46423887,1696022.8394832923,2.440062959980683e-08,0.04138402509904445
0.14,1e-05,4.590970355164768e-23,0.4648202795355565,4291031.846423886,16960227.067404665,2.440062959980683e-08,0.41384021860035924
0.14,0.0001,4.590970355164769e-22,0.4648202795355565,429103.1846423886,169602137.93135726,2.440062959980683e-08,4.138398946998397
0.14,0.000562,2.5801253396025993e-21,0.4648202795355565,76352.87982960652,953160185.6568832,2.440062959980683e-08,23.25770863949672
0.14,0.000316,1.4507466322320664e-21,0.4648202795355566,135792.14703873062,535941749.14555943,2.440062959980683e-08,13.077316107973385
0.14,0.0001778,8.162745291482957e-22,0.46482027953555655,241340.3738146168,301552397.2191345,2.440062959980683e-08,7.35806834947792
0.14,0.0009999999999999998,4.590970355164767e-21,0.4648202795355565,42910.31846423887,1696008105.1737945,2.440062959980683e-08,41.38366557261598
0.14,0.005620000000000001,2.5801253396026e-20,0.4648202795355565,7635.28798296065,9531182621.780193,2.440062959980683e-08,232.56685680217424
0.14,0.0031600000000000005,1.4507466322320667e-20,0.4648202795355565,13579.214703873058,5359284944.302403,2.440062959980683e-08,130.76992684574432
0.14,0.001778,8.162745291482957e-21,0.46482027953555655,24134.03738146168,3015482009.2187815,2.440062959980683e-08,73.57965957182877
0.14,0.010000000000000002,4.590970355164769e-20,0.4648202795355565,4291.031846423885,16958753766.98049,2.440062959980683e-08,413.8042691424197
0.16000000000000003,1.0000000000000001e-16,4.500777638858013e-33,0.8935720346764904,4.377021390685389e+16,0.003693103109841809,2.4217893474541885e-08,8.943917770464829e-11
0.16000000000000003,9.999999999999998e-15,4.500777638858012e-31,0.8935720346764905,437702139068539.0,0.36931031098417905,2.4217893474541885e-08,8.943917770464784e-09
0.16000000000000003,1e-12,4.500777638858012e-29,0.8935720346764904,4377021390685.3896,36.931031098414515,2.4217893474541885e-08,8.943917770463963e-07
0.16000000000000003,1.0000000000000002e-10,4.5007776388580124e-27,0.8935720346764905,43770213906.85389,3693.1031098054777,2.4217893474541885e-08,8.943917770376842e-05
0.16000000000000003,1e-08,4.500777638858013e-25,0.8935720346764904,437702139.06853884,369310.3106202484,2.4217893474541885e-08,0.00894391776165115
0.16000000000000003,1e-06,4.500777638858011e-23,0.8935720346764906,4377021.390685391,36931027.45896888,2.4217893474541885e-08,0.8943916889066895
0.16000000000000003,1e-05,4.500777638858012e-22,0.8935720346764906,437702.13906853896,369309947.0397147,2.4217893474541885e-08,8.943908956496516
0.16000000000000003,0.0001,4.500777638858011e-21,0.8935720346764906,43770.2139068539,3693066715.7603784,2.4217893474541885e-08,89.4382963166611
0.16000000000000003,0.000562,2.5294370330382028e-20,0.8935720346764905,7788.294289475782,20754090051.31083,2.4217893474541885e-08,502.6203420236952
0.16000000000000003,0.000316,1.4222457338791318e-20,0.8935720346764906,13851.333514827182,11669842419.114748,2.4217893474541885e-08,282.6190005708111
0.16000000000000003,0.0001778,8.002382641889546e-21,0.8935720346764904,24617.66811409105,6566222278.269435,2.4217893474541885e-08,159.0200716652929
0.16000000000000003,0.0009999999999999998,4.500777638858011e-20,0.8935720346764906,4377.0213906853905,36927392055.55339,2.4217893474541885e-08,894.3036470940363
0.16000000000000003,0.005620000000000001,2.529437033038203e-19,0.8935720346764904,778.8294289475781,207437516971.13177,2.4217893474541885e-08,5023.699688630344
0.16000000000000003,0.0031600000000000005,1.4222457338791322e-19,0.8935720346764904,1385.1333514827177,116665728995.40648,2.4217893474541885e-08,2825.3981969405268
0.16000000000000003,0.001778,8.002382641889545e-20,0.8935720346764906,2461.7668114091057,65651870243.02651,2.4217893474541885e-08,1589.9499999500624
0.16000000000000003,0.010000000000000002,4.500777638858013e-19,0.8935720346764904,437.7021390685388,368946771524.19574,2.4217893474541885e-08,8935.113610549115
0.18000000000000002,1.0000000000000001e-16,1.505051796881742e-32,0.942649079992099,1.3089250510059294e+16,0.01482772471324423,2.4199943871421028e-08,3.5883010580139284e-10
0.18000000000000002,9.999999999999998e-15,1.505051796881742e-30,0.9426490799920987,130892505100592.95,1.482772471324373,2.4199943871421028e-08,3.5883010580138074e-08
0.18000000000000002,1e-12,1.505051796881742e-28,0.9426490799920989,1308925051005.9294,148.27724713238905,2.4199943871421028e-08,3.5883010580126397e-06
0.18000000000000002,1.0000000000000002e-10,1.5050517968817422e-26,0.942649079992099,13089250510.059292,14827.724712687597,2.4199943871421028e-08,0.00035883010578792235
0.18000000000000002,1e-08,1.5050517968817422e-24,0.9426490799920988,130892505.10059293,1482772.4657606906,2.4199943871421028e-08,0.03588301044549727
0.18000000000000002,1e-06,1.505051796881742e-22,0.942649079992099,1308925.0510059295,148277191.49490413,2.4199943871421028e-08,3.5882997115886273
0.18000000000000002,1e-05,1.5050517968817424e-21,0.9426490799920988,130892.50510059291,1482766907.5917175,2.4199943871421028e-08,35.882875938120094
0.18000000000000002,0.0001,1.5050517968817418e-20,0.9426490799920989,13089.250510059297,14827168361.2523,2.4199943871421028e-08,358.81664211441534
0.18000000000000002,0.000562,8.458391098475391e-20,0.9426490799920988,2329.0481334625074,83314244293.84782,2.4199943871421028e-08,2016.200035600977
0.18000000000000002,0.000316,4.7559636781463043e-20,0.9426490799920988,4142.167882930157,46850055095.31232,2.4199943871421028e-08,1133.7687036795407
0.18000000000000002,0.0001778,2.6759820948557374e-20,0.9426490799920989,7361.783189009727,26361935811.64676,2.4199943871421028e-08,637.9573669838555
0.18000000000000002,0.0009999999999999998,1.505051796881742e-19,0.9426490799920988,1308.9250510059296,148221633202.98065,2.4199943871421028e-08,3586.955204042487
0.18000000000000002,0.005620000000000001,8.458391098475391e-19,0.942649079992099,232.90481334625076,831565035588.2898,2.4199943871421028e-08,20123.827186672843
0.18000000000000002,0.0031600000000000005,4.755963678146305e-19,0.942649079992099,414.2167882930156,468001271465.1693,2.4199943871421028e-08,11325.604501210773
0.18000000000000002,0.001778,2.675982094855738e-19,0.9426490799920988,736.1783189009725,263461192053.6077,2.4199943871421028e-08,6375.746059994982
0.18000000000000002,0.010000000000000002,1.5050517968817425e-18,0.9426490799920989,130.8925051005929,1477232246213.8352,2.4199943871421028e-08,35748.93744342802
0.2,1.0000000000000001e-16,3.2609610480801924e-32,0.9551746595942716,6041163850024480.0,0.0366176992964491,2.418844486912706e-08,8.857252006664317e-10
0.2,9.999999999999998e-15,3.260961048080191e-30,0.9551746595942717,60411638500244.836,3.6617699296449273,2.418844486912706e-08,8.85725200666436e-08
0.2,1e-12,3.260961048080192e-28,0.9551746595942716,604116385002.4481,366.1769929641439,2.418844486912706e-08,8.857252006655922e-06
0.2,1.0000000000000002e-10,3.2609610480801925e-26,0.9551746595942716,6041163850.02448,36617.699293099045,2.418844486912706e-08,0.0008857252005853992
0.2,1e-08,3.2609610480801918e-24,0.9551746595942716,60411638.50024481,3661769.8961447612,2.418844486912706e-08,0.08857251925632668
0.2,1e-06,3.2609610480801917e-22,0.9551746595942716,604116.3850024482,366176657.9637847,2.418844486912706e-08,8.857243903518203
0.2,1e-05,3.260961048080192e-21,0.9551746595942716,60411.63850024481,3661736429.885251,2.418844486912706e-08,88.57170975955354
0.2,0.0001,3.260961048080192e-20,0.9551746595942717,6041.163850024482,36614349633.05773,2.418844486912706e-08,885.6441775181596
0.2,0.000562,1.8326601090210678e-19,0.9551746595942718,1074.9401868370962,205685723582.22626,2.418844486912706e-08,4975.217785235188
0.2,0.000316,1.0304636911933406e-19,0.9551746595942716,1911.7607120330638,115678488866.14366,2.418844486912706e-08,2798.0827504826443
0.2,0.0001778,5.797988743486581e-20,0.9551746595942717,3397.7299493950964,65095680965.80514,2.418844486912706e-08,1574.5632902596615
0.2,0.0009999999999999998,3.260961048080191e-19,0.9551746595942718,604.1163850024483,365842338827.28033,2.418844486912706e-08,8849.157243516172
0.2,0.005620000000000001,1.832660109021068e-18,0.9551746595942717,107.49401868370963,2047395139191.8633,2.418844486912706e-08,49523.30444966111
0.2,0.0031600000000000005,1.0304636911933406e-18,0.9551746595942718,191.17607120330638,1153785030400.2744,2.418844486912706e-08,27908.265598661128
0.2,0.001778,5.797988743486582e-19,0.9551746595942716,339.7729949395096,650005608197.1272,2.418844486912706e-08,15722.624818499617
0.2,0.010000000000000002,3.2609610480801924e-18,0.9551746595942716,60.411638500244806,3628613091846.8047,2.418844486912706e-08,87770.50772352912
0.22000000000000003,1.0000000000000001e-16,5.782831618561975e-32,0.9592915443024513,3406635589520904.5,0.0726693183472572,2.3813979248294054e-08,1.7305456391092574e-09
0.22000000000000003,9.999999999999998e-15,5.7828316185619734e-30,0.9592915443024512,34066355895209.055,7.266931834725556,2.3813979248294054e-08,1.7305456391092182e-07
0.22000000000000003,1e-12,5.782831618561974e-28,0.9592915443024512,340663558952.0905,726.6931834712764,2.3813979248294054e-08,1.730545639106172e-05
0.22000000000000003,1.0000000000000002e-10,5.782831618561975e-26,0.9592915443024512,3406635589.520904,72669.31833411676,2.3813979248294054e-08,0.0017305456387963312
0.22000000000000003,1e-08,5.782831618561975e-24,0.9592915443024512,34066355.895209044,7266931.703305458,2.3813979248294054e-08,0.17305456078128634
0.22000000000000003,1e-06,5.782831618561974e-22,0.9592915443024512,340663.5589520905,726691869.2692564,2.3813979248294054e-08,17.305425094682086
0.22000000000000003,1e-05,5.782831618561974e-21,0.9592915443024512,34066.355895209046,7266800416.819343,2.3813979248294054e-08,173.0514343276304
0.22000000000000003,0.0001,5.782831618561974e-20,0.9592915443024512,3406.635589520905,72656178981.48099,2.3813979248294054e-08,1730.2327385253268
0.22000000000000003,0.000562,3.2499513696318297e-19,0.9592915443024512,606.1629162848585,407986962769.63226,2.3813979248294054e-08,9715.793064970541
0.22000000000000003,0.000316,1.8273747914655838e-19,0.9592915443024512,1078.0492371901598,229503899597.7059,2.3813979248294054e-08,5465.40110242233
0.22000000000000003,0.0001778,1.0281874617803192e-19,0.9592915443024512,1915.9930199780115,129164517378.58466,2.3813979248294054e-08,3075.9211364695316
0.22000000000000003,0.0009999999999999998,5.782831618561972e-19,0.9592915443024514,340.6635589520906,725381666136.2029,2.3813979248294054e-08,17274.2239444605
0.22000000000000003,0.005620000000000001,3.24995136963183e-18,0.9592915443024512,60.61629162848584,4042979421811.6562,2.3813979248294054e-08,96279.42805230267
0.22000000000000003,0.0031600000000000005,1.827374791465584e-18,0.9592915443024512,107.80492371901596,2283311736738.0137,2.3813979248294054e-08,54374.73831606531
0.22000000000000003,0.001778,1.0281874617803193e-18,0.9592915443024512,191.59930199780112,1287920986684.5908,2.3813979248294054e-08,30670.52365034925
0.22000000000000003,0.010000000000000002,5.782831618561975e-18,0.9592915443024512,34.06635589520904,7138144354029.033,2.3813979248294054e-08,169987.62151817477
0.24000000000000002,1.0000000000000001e-16,9.14669321435419e-32,0.9602352558263767,2153783836226646.0,0.12722118964925316,2.3308007426399742e-08,2.965272433140203e-09
0.24000000000000002,9.999999999999998e-15,9.146693214354189e-30,0.9602352558263767,21537838362266.465,12.722118964925102,2.3308007426399742e-08,2.9652724331401526e-07
0.24000000000000002,1e-12,9.14669321435419e-28,0.9602352558263767,215378383622.6646,1272.211896488523,2.3308007426399742e-08,2.9652724331308596e-05
0.24000000000000002,1.0000000000000002e-10,9.14669321435419e-26,0.9602352558263767,2153783836.226646,127221.18960899871,2.3308007426399742e-08,0.002965272432201952
0.24000000000000002,1e-08,9.14669321435419e-24,0.9602352558263769,21537838.362266462,12722118.562391981,2.3308007426399742e-08,0.29652723393177033
0.24000000000000002,1e-06,9.14669321435419e-22,0.9602352558263767,215378.3836226646,1272207871.1718075,2.3308007426399742e-08,29.652630509196698
0.24000000000000002,1e-05,9.14669321435419e-21,0.9602352558263767,21537.83836226646,12721716445.853167,2.3308007426399742e-08,296.5178613964973
0.24000000000000002,0.0001,9.14669321435419e-20,0.9602352558263767,2153.783836226646,127180950739.27173,2.3308007426399742e-08,2964.3345443275252
0.24000000000000002,0.000562,5.140441586467053e-19,0.9602352558263769,383.23555804744603,713714266509.8868,2.3308007426399742e-08,16635.257424139887
0.24000000000000002,0.000316,2.890355055735924e-19,0.9602352558263767,681.5771633628627,401617460724.85345,2.3308007426399742e-08,9360.90275714669
0.24000000000000002,0.0001778,1.626282053512175e-19,0.9602352558263767,1211.3519888788785,226072104067.79477,2.3308007426399742e-08,5269.290280513976
0.24000000000000002,0.0009999999999999998,9.146693214354189e-19,0.9602352558263767,215.37838362266464,1268200950015.6816,2.3308007426399742e-08,29559.237161132714
0.24000000000000002,0.005620000000000001,5.140441586467055e-18,0.9602352558263768,38.323555804744586,7025199665964.822,2.3308007426399742e-08,163743.40598624907
0.24000000000000002,0.0031600000000000005,2.8903550557359246e-18,0.9602352558263767,68.15771633628626,3980444251747.697,2.3308007426399742e-08,92776.22418010548
0.24000000000000002,0.001778,1.626282053512175e-18,0.9602352558263767,121.13519888788785,2249348142842.398,2.3308007426399742e-08,52427.82321792908
0.24000000000000002,0.010000000000000002,9.146693214354192e-18,0.9602352558263766,21.537838362266456,12333462232721.57,2.3308007426399742e-08,287468.4293134951
0.26,1.0000000000000001e-16,1.3437863646058361e-31,0.9596133164267523,1466006838503564.5,0.2052283892557127,2.2804026906665806e-08,4.680033710598956e-09
0.26,9.999999999999998e-15,1.343786364605836e-29,0.9596133164267523,14660068385035.646,20.52283892556966,2.2804026906665806e-08,4.680033710598588e-07
0.26,1e-12,1.3437863646058364e-27,0.9596133164267522,146600683850.3564,2052.283892546667,2.2804026906665806e-08,4.6800337105751035e-05
0.26,1.0000000000000002e-10,1.3437863646058365e-25,0.9596133164267522,1466006838.503564,205228.3891508587,2.2804026906665806e-08,0.004680033708207863
0.26,1e-08,1.3437863646058363e-23,0.9596133164267522,14660068.385035641,20522837.877069697,2.2804026906665806e-08,0.4680033471498375
0.26,1e-06,1.3437863646058363e-21,0.9596133164267522,146600.68385035644,2052273407.5993433,2.2804026906665806e-08,46.800098006730146
0.26,1e-05,1.3437863646058363e-20,0.9596133164267523,14660.068385035642,20521790484.50128,2.2804026906665806e-08,467.97946238152554
0.26,0.0001,1.3437863646058365e-19,0.9596133164267521,1466.006838503564,205123599815.1365,2.2804026906665806e-08,4677.644089376522
0.26,0.000562,7.552079369084801e-19,0.9596133164267522,260.8553093422712,1150082666861.1304,2.2804026906665806e-08,26226.516079991183
0.26,0.000316,4.2463649121544433e-19,0.9596133164267522,463.92621471631776,647476632056.0984,2.2804026906665806e-08,14765.074538844623
0.26,0.0001778,2.3892521562691773e-19,0.9596133164267522,824.5257809356378,364564956138.2471,2.2804026906665806e-08,8313.549069004026
0.26,0.0009999999999999998,1.343786364605836e-18,0.9596133164267522,146.60068385035646,2041859257632.3174,2.2804026906665806e-08,46562.613450672034
0.26,0.005620000000000001,7.552079369084801e-18,0.9596133164267522,26.08553093422712,11213073399185.482,2.2804026906665806e-08,255703.22750144434
0.26,0.0031600000000000005,4.2463649121544434e-18,0.9596133164267522,46.39262147163177,6382396477257.472,2.2804026906665806e-08,145544.34099638843
0.26,0.001778,2.3892521562691772e-18,0.9596133164267522,82.45257809356379,3616152306984.444,2.2804026906665806e-08,82462.83450707489
0.26,0.010000000000000002,1.3437863646058367e-17,0.9596133164267522,14.660068385035638,19531331139263.113,2.2804026906665806e-08,445393.00082275574
0.28,1.0000000000000001e-16,1.87499982166911e-31,0.9580736452673088,1050666766595381.1,0.31245752618403894,2.2308478369621028e-08,6.970451964301929e-09
0.28,9.999999999999998e-15,1.8749998216691092e-29,0.9580736452673088,10506667665953.814,31.245752618400587,2.2308478369621028e-08,6.970451964301191e-07
0.28,1e-12,1.8749998216691095e-27,0.9580736452673086,105066676659.53813,3124.5752618159845,2.2308478369621028e-08,6.970451964247485e-05
0.28,1.0000000000000002e-10,1.8749998216691095e-25,0.9580736452673091,1050666766.5953814,312457.52594054275,2.2308478369621028e-08,0.006970451958869899
0.28,1e-08,1.8749998216691092e-23,0.9580736452673089,10506667.665953815,31245750.183499116,2.2308478369621028e-08,0.6970451421111723
0.28,1e-06,1.8749998216691094e-21,0.9580736452673086,105066.67665953813,3124550913.016668,2.2308478369621028e-08,69.70397645781198
0.28,1e-05,1.8749998216691096e-20,0.9580736452673089,10506.667665953813,31243317929.84148,2.2308478369621028e-08,696.9908822330615
0.28,0.0001,1.8749998216691096e-19,0.9580736452673086,1050.6667665953812,312214250932.6914,2.2308478369621028e-08,6965.024863619378
0.28,0.000562,1.0537498997780395e-18,0.9580736452673089,186.95138195647357,1748358809418.7942,2.2308478369621028e-08,39003.224682255546
0.28,0.000316,5.924999436474385e-19,0.9580736452673089,332.48948309980426,984941158869.781,2.2308478369621028e-08,21972.538537995977
0.28,0.0001778,3.333749682927677e-19,0.9580736452673089,590.9261904360975,554780947571.6885,2.2308478369621028e-08,12376.31876878087
0.28,0.0009999999999999998,1.874999821669109e-18,0.9580736452673089,105.06667665953817,3100439417711.9106,2.2308478369621028e-08,69166.08568634657
0.28,0.005620000000000001,1.0537498997780397e-17,0.9580736452673089,18.695138195647353,16827227638947.705,2.2308478369621028e-08,375389.843804154
0.28,0.0031600000000000005,5.924999436474386e-18,0.9580736452673088,33.24894830998042,9637102486017.543,2.2308478369621028e-08,214989.0923551434
0.28,0.001778,3.3337496829276764e-18,0.9580736452673089,59.09261904360976,5479709617741.291,2.2308478369621028e-08,122243.9834791859
0.28,0.010000000000000002,1.8749998216691096e-17,0.958073645267309,10.506667665953813,29006358410237.496,2.2308478369621028e-08,647087.7191762582
0.30000000000000004,1.0000000000000001e-16,2.5184685683500376e-31,0.9559277634058264,782221396271241.1,0.45559818227278104,2.207396544109439e-08,1.0056858530514792e-08
0.30000000000000004,9.999999999999998e-15,2.518468568350037e-29,0.9559277634058265,7822213962712.412,45.55981822727441,2.207396544109439e-08,1.0056858530513977e-06
0.30000000000000004,1e-12,2.5184685683500375e-27,0.9559277634058263,78222139627.12411,4555.981822676071,2.207396544109439e-08,0.00010056858530400583
0.30000000000000004,1.0000000000000002e-10,2.5184685683500377e-25,0.9559277634058263,782221396.2712411,455598.1817538346,2.207396544109439e-08,0.010056858519059585
0.30000000000000004,1e-08,2.5184685683500374e-23,0.9559277634058265,7822213.962712412,45559813.03782155,2.207396544109439e-08,1.0056857384995945
0.30000000000000004,1e-06,2.5184685683500373e-21,0.9559277634058265,78222.13962712411,4555929928.821615,2.207396544109439e-08,100.56743980085596
0.30000000000000004,1e-05,2.5184685683500378e-20,0.9559277634058263,7822.21396271241,45554629440.428444,2.207396544109439e-08,1005.5713159498786
0.30000000000000004,0.0001,2.5184685683500376e-19,0.9559277634058265,782.2213962712411,455079906467.5227,2.207396544109439e-08,10045.418128300564
0.30000000000000004,0.000562,1.4153793354127211e-18,0.9559277634058263,139.18530182762296,2544189307868.181,2.207396544109439e-08,56160.34685748409
0.30000000000000004,0.000316,7.9583606759861165e-19,0.9559277634058265,247.53841654153206,1434529344168.2178,2.207396544109439e-08,31665.75116740504
0.30000000000000004,0.0001778,4.4778371145263665e-19,0.9559277634058265,439.9445423347813,808416794506.6973,2.207396544109439e-08,17844.96438394114
0.30000000000000004,0.0009999999999999998,2.5184685683500366e-18,0.9559277634058265,78.22213962712414,4504748404850.423,2.207396544109439e-08,99437.66060949332
0.30000000000000004,0.005620000000000001,1.415379335412721e-17,0.9559277634058264,13.918530182762296,24075490884724.695,2.207396544109439e-08,531441.5537667959
0.30000000000000004,0.0031600000000000005,7.958360675986119e-18,0.9559277634058265,24.7538416541532,13898928121221.129,2.207396544109439e-08,306804.4590160902
0.30000000000000004,0.001778,4.477837114526366e-18,0.9559277634058265,43.99445423347813,7940156633002.788,2.207396544109439e-08,175270.74311377996
0.30000000000000004,0.010000000000000002,2.518468568350038e-17,0.9559277634058265,7.82221396271241,40954604913307.96,2.207396544109439e-08,904030.5335100344
0.32000000000000006,1.0000000000000001e-16,3.2851380712020688e-31,0.9533459550532106,599670381366697.0,0.6423954106298488,2.2054628371441495e-08,1.4167792048960873e-08
0.32000000000000006,9.999999999999998e-15,3.285138071202068e-29,0.9533459550532106,5996703813666.971,64.23954106297721,2.2054628371441495e-08,1.416779204895918e-06
0.32000000000000006,1e-12,3.2851380712020684e-27,0.9533459550532105,59967038136.66971,6423.954106195244,2.2054628371441495e-08,0.00014167792048733172
0.32000000000000006,1.0000000000000002e-10,3.285138071202069e-25,0.9533459550532105,599670381.366697,642395.409595203,2.2054628371441495e-08,0.014167792026142144
0.32000000000000006,1e-08,3.285138071202068e-23,0.9533459550532107,5996703.813666971,64239530.71642259,2.2054628371441495e-08,1.416778976706501
0.32000000000000006,1e-06,3.2851380712020683e-21,0.9533459550532106,59967.03813666971,6423850642.532244,2.2054628371441495e-08,141.6756386346943
0.32000000000000006,1e-05,3.285138071202069e-20,0.9533459550532104,5996.70381366697,64229196388.39895,2.2054628371441495e-08,1416.5510569424712
0.32000000000000006,0.0001,3.2851380712020684e-19,0.9533459550532106,599.670381366697,641362641700.9216,2.2054628371441495e-08,14145.014714039813
0.32000000000000006,0.000562,1.8462475960155627e-18,0.9533459550532104,106.70291483393184,3577915061013.9263,2.2054628371441495e-08,78909.58701524556
0.32000000000000006,0.000316,1.0381036304998535e-18,0.9533459550532106,189.7691080274358,2019697126953.1782,2.2054628371441495e-08,44543.66955782044
0.32000000000000006,0.0001778,5.840975490597278e-19,0.9533459550532106,337.272430464959,1138918789618.3596,2.2054628371441495e-08,25118.43065028488
0.32000000000000006,0.0009999999999999998,3.2851380712020683e-18,0.9533459550532106,59.96703813666971,6322341228517.581,2.2054628371441495e-08,139436.88623239813
0.32000000000000006,0.005620000000000001,1.8462475960155626e-17,0.9533459550532106,10.670291483393186,33135075049466.203,2.2054628371441495e-08,730781.7662758005
0.32000000000000006,0.0031600000000000005,1.038103630499854e-17,0.9533459550532105,18.97691080274357,19322507502884.938,2.2054628371441495e-08,426150.72218051733
0.32000000000000006,0.001778,5.8409754905972776e-18,0.9533459550532106,33.7272430464959,11104956323672.434,2.2054628371441495e-08,244915.6847996847
0.32000000000000006,0.010000000000000002,3.285138071202069e-17,0.9533459550532106,5.996703813666969,55456495992454.08,2.2054628371441495e-08,1223072.4098959093
0.3400000000000001,1.0000000000000001e-16,4.186752817526963e-31,0.9504312022075795,470531718938125.0,0.8818087536111604,2.119198585137361e-08,1.868727863014511e-08
0.3400000000000001,9.999999999999998e-15,4.1867528175269623e-29,0.9504312022075794,4705317189381.251,88.18087536109624,2.119198585137361e-08,1.8687278630140914e-06
0.3400000000000001,1e-12,4.186752817526963e-27,0.9504312022075794,47053171893.8125,8818.087535916045,2.119198585137361e-08,0.00018687278629730682
0.3400000000000001,1.0000000000000002e-10,4.1867528175269635e-25,0.9504312022075794,470531718.93812495,881808.7516554504,2.119198585137361e-08,0.018687278588699733
0.3400000000000001,1e-08,4.1867528175269626e-23,0.9504312022075796,4705317.18938125,88180855.80413395,2.119198585137361e-08,1.8687274485632233
0.3400000000000001,1e-06,4.1867528175269625e-21,0.9504312022075796,47053.171893812505,8817891971.189516,2.119198585137361e-08,186.86864189238918
0.3400000000000001,1e-05,4.186752817526963e-20,0.9504312022075796,4705.3171893812505,88161323298.26036,2.119198585137361e-08,1868.3135159751082
0.3400000000000001,0.0001,4.186752817526963e-19,0.9504312022075796,470.53171893812504,879857964076.1661,2.119198585137361e-08,18645.937525920504
0.3400000000000001,0.000562,2.352955083450153e-18,0.9504312022075796,83.72450514913258,4894855561838.533,2.119198585137361e-08,103731.70981099963
0.3400000000000001,0.000316,1.3230138903385201e-18,0.9504312022075794,148.90244270193833,2767140781218.778,2.119198585137361e-08,58641.20828434726
0.3400000000000001,0.0001778,7.44404650956294e-19,0.9504312022075796,264.6410117762233,1561700975969.6472,2.119198585137361e-08,33095.54498682512
0.3400000000000001,0.0009999999999999998,4.186752817526962e-18,0.9504312022075795,47.05317189381251,8627302730497.87,2.119198585137361e-08,182829.67740022778
0.3400000000000001,0.005620000000000001,2.3529550834501536e-17,0.9504312022075794,8.372450514913256,44132517788962.234,2.119198585137361e-08,935255.6925691819
0.3400000000000001,0.0031600000000000005,1.3230138903385202e-17,0.9504312022075797,14.890244270193831,26054631425502.086,2.119198585137361e-08,552149.3805319945
0.3400000000000001,0.001778,7.444046509562941e-18,0.9504312022075794,26.464101177622325,15086628753516.06,2.119198585137361e-08,319715.62308943865
0.3400000000000001,0.010000000000000002,4.1867528175269635e-17,0.9504312022075796,4.705317189381249,72444011075576.4,2.119198585137361e-08,1535232.4577303685
0.3600000000000001,1.0000000000000001e-16,5.235880435775386e-31,0.9472512346793491,376249997333688.4,1.1842054547425416,2.0465159197250573e-08,2.4234953153558623e-08
0.3600000000000001,9.999999999999998e-15,5.235880435775384e-29,0.9472512346793492,3762499973336.885,118.42054547421415,2.0465159197250573e-08,2.4234953153550434e-06
0.3600000000000001,1e-12,5.2358804357753854e-27,0.9472512346793491,37624999733.368835,11842.054547071384,2.0465159197250573e-08,0.00024234953152834092
0.3600000000000001,1.0000000000000002e-10,5.235880435775387e-25,0.947251234679349,376249997.33368826,1184205.4512036268,2.0465159197250573e-08,0.02423495308113417
0.3600000000000001,1e-08,5.235880435775385e-23,0.947251234679349,3762499.9733368843,118420510.08540523,2.0465159197250573e-08,2.4234945911174353
0.3600000000000001,1e-06,5.235880435775386e-21,0.9472512346793489,37624.99973336884,11841700670.83339,2.0465159197250573e-08,242.34228939479422
0.3600000000000001,1e-05,5.2358804357753864e-20,0.947251234679349,3762.499973336883,118385168611.88052,2.0465159197250573e-08,2422.7713222354864
0.3600000000000001,0.0001,5.235880435775386e-19,0.947251234679349,376.2499973336884,1180678523990.6375,2.0465159197250573e-08,24162.773954243225
0.3600000000000001,0.000562,2.9425648049057666e-18,0.947251234679349,66.94839810207978,6545545896710.952,2.0465159197250573e-08,133955.63880909988
0.3600000000000001,0.000316,1.6545382177050217e-18,0.947251234679349,119.06645485243304,3707125451399.949,2.0465159197250573e-08,75866.91252707936
0.3600000000000001,0.0001778,9.309395414808636e-19,0.947251234679349,211.6141717287336,2094396870688.6624,2.0465159197250573e-08,42862.1653808669
0.3600000000000001,0.0009999999999999998,5.235880435775385e-18,0.947251234679349,37.62499973336884,11499718721543.068,2.0465159197250573e-08,235343.57435998172
0.3600000000000001,0.005620000000000001,2.942564804905767e-17,0.947251234679349,6.694839810207977,57123151647474.81,2.0465159197250573e-08,1169034.3923142585
0.3600000000000001,0.0031600000000000005,1.654538217705022e-17,0.947251234679349,11.906645485243303,34224359584135.008,2.0465159197250573e-08,700406.9673132714
0.3600000000000001,0.001778,9.309395414808636e-18,0.947251234679349,21.16141717287336,19999528165674.918,2.0465159197250573e-08,409293.52778043394
0.3600000000000001,0.010000000000000002,5.235880435775387e-17,0.947251234679349,3.7624999733368827,91675879581371.9,2.0465159197250573e-08,1876161.4701807494
0.38,1.0000000000000001e-16,6.445943201697221e-31,0.9438538909953702,305618578749080.1,1.5615986586999935,1.9876024099380863e-08,3.1038372573881904e-08
0.38,9.999999999999998e-15,6.445943201697219e-29,0.9438538909953702,3056185787490.8022,156.1598658699368,1.9876024099380863e-08,3.103837257386947e-06
0.38,1e-12,6.4459432016972204e-27,0.9438538909953702,30561857874.908016,15615.986586382194,1.9876024099380863e-08,0.0003103837257265408
0.38,1.0000000000000002e-10,6.445943201697221e-25,0.9438538909953703,305618578.7490802,1561598.6525242673,1.9876024099380863e-08,0.03103837245113302
0.38,1e-08,6.44594320169722e-23,0.9438538909953703,3056185.787490802,156159804.11294627,1.9876024099380863e-08,3.103836029903515
0.38,1e-06,6.44594320169722e-21,0.9438538909953702,30561.857874908022,15615369043.888008,1.9876024099380863e-08,310.37145143704396
0.38,1e-05,6.44594320169722e-20,0.9438538909953702,3056.185787490802,156098136483.03998,1.9876024099380863e-08,3102.6103226053456
0.38,0.0001,6.445943201697221e-19,0.9438538909953702,305.61857874908014,1555450518222.154,1.9876024099380863e-08,30916.17198557799
0.38,0.000562,3.622620079353838e-18,0.9438538909953702,54.38053002652672,8585908948496.913,1.9876024099380863e-08,170653.73317541444
0.38,0.000316,2.036918051736321e-18,0.9438538909953703,96.71474011046843,4873844000626.164,1.9876024099380863e-08,96872.64081306847
0.38,0.0001778,1.1460887012617658e-18,0.9438538909953702,171.88896442580437,2757153585919.4463,1.9876024099380863e-08,54801.25111942928
0.38,0.0009999999999999998,6.445943201697219e-18,0.9438538909953702,30.561857874908025,15024770856615.607,1.9876024099380863e-08,298632.70763376704
0.38,0.005620000000000001,3.622620079353838e-17,0.9438538909953703,5.438053002652672,72071991254120.38,1.9876024099380863e-08,1432504.6350572633
0.38,0.0031600000000000005,2.0369180517363222e-17,0.9438538909953702,9.671474011046838,43931802768804.88,1.9876024099380863e-08,873189.5705620128
0.38,0.001778,1.146088701261766e-17,0.9438538909953701,17.188896442580436,25955610275780.035,1.9876024099380863e-08,515894.33535554155
0.38,0.010000000000000002,6.445943201697222e-17,0.9438538909953702,3.056185787490801,112722086164376.1,1.9876024099380863e-08,2240466.9011356253
0.4,1.0000000000000001e-16,7.831254349958952e-31,0.9402750737614125,251556125234308.84,2.0279461240566747,1.9289906519035164e-08,3.911889115869294e-08
0.4,9.999999999999998e-15,7.831254349958952e-29,0.9402750737614123,2515561252343.0884,202.79461240556668,1.9289906519035164e-08,3.91188911586735e-06
0.4,1e-12,7.831254349958953e-27,0.9402750737614123,25155612523.43088,20279.46123952112,1.9289906519035164e-08,0.00039118891156675935
0.4,1.0000000000000002e-10,7.831254349958953e-25,0.9402750737614126,251556125.2343088,2027946.1136033114,1.9289906519035164e-08,0.03911889095704854
0.4,1e-08,7.831254349958952e-23,0.9402750737614125,2515561.2523430884,202794507.87204042,1.9289906519035164e-08,3.9118870994254005
0.4,1e-06,7.831254349958952e-21,0.9402750737614125,25155.612523430882,20278415964.820724,1.9289906519035164e-08,391.16874831550206
0.4,1e-05,7.831254349958952e-20,0.9402750737614125,2515.5612523430887,202690139791.4107,1.9289906519035164e-08,3909.873848906482
0.4,0.0001,7.831254349958952e-19,0.9402750737614125,251.55612523430884,2017553461744.249,1.9289906519035164e-08,38918.41767420235
0.4,0.000562,4.4011649446769315e-18,0.9402750737614123,44.760876376211534,11077348503238.627,1.9289906519035164e-08,213681.0171062472
0.4,0.000316,2.4746763745870288e-18,0.9402750737614126,79.60636874503444,6305815053299.331,1.9289906519035164e-08,121638.58290446883
0.4,0.0001778,1.3923970234227017e-18,0.9402750737614125,141.48263511490936,3572981603191.565,1.9289906519035164e-08,68922.48111979768
0.4,0.0009999999999999998,7.831254349958952e-18,0.9402750737614123,25.155612523430882,19291403265280.07,1.9289906519035164e-08,372129.3656082623
0.4,0.005620000000000001,4.4011649446769325e-17,0.9402750737614123,4.476087637621152,88837428873484.05,1.9289906519035164e-08,1713665.6983609425
0.4,0.0031600000000000005,2.4746763745870293e-17,0.9402750737614125,7.960636874503442,55236242784938.28,1.9289906519035164e-08,1065501.95978419
0.4,0.001778,1.3923970234227018e-17,0.9402750737614125,14.148263511490935,33059225293892.535,1.9289906519035164e-08,637709.3655109098
0.4,0.010000000000000002,7.831254349958954e-17,0.9402750737614125,2.5155612523430877,134957707657960.44,1.9289906519035164e-08,2603321.564745333
0.42000000000000004,1.0000000000000001e-16,9.40705759307376e-31,0.9365431302501422,209417235996351.72,2.5995323672758874,1.8712273357925478e-08,4.864316025924154e-08
0.42000000000000004,9.999999999999998e-15,9.407057593073757e-29,0.9365431302501424,2094172359963.5178,259.95323672741654,1.8712273357925478e-08,4.864316025920932e-06
0.42000000000000004,1e-12,9.407057593073759e-27,0.9365431302501422,20941723599.635174,25995.323671035214,1.8712273357925478e-08,0.00048643160256016177
0.42000000000000004,1.0000000000000002e-10,9.40705759307376e-25,0.9365431302501422,209417235.99635172,2599532.3500342583,1.8712273357925478e-08,0.04864315993661146
0.42000000000000004,1e-08,9.407057593073759e-23,0.9365431302501421,2094172.3599635174,259953064.31196,1.8712273357925478e-08,4.864312799635778
0.42000000000000004,1e-06,9.407057593073758e-21,0.9365431302501422,20941.723599635177,25993599644.76615,1.8712273357925478e-08,486.3993421093388
0.42000000000000004,1e-05,9.407057593073759e-20,0.9365431302501424,2094.1723599635175,259780950495.0058,1.8712273357925478e-08,4861.092158844254
0.42000000000000004,0.0001,9.40705759307376e-19,0.9365431302501421,209.41723599635174,2582419327873.2017,1.8712273357925478e-08,48322.93638795353
0.42000000000000004,0.000562,5.286766367307452e-18,0.9365431302501424,37.26285338013377,14086758238184.738,1.8712273357925478e-08,263595.2708799215
0.42000000000000004,0.000316,2.972630199411308e-18,0.9365431302501422,66.27127721403536,8046337398683.808,1.8712273357925478e-08,150565.2649342704
0.42000000000000004,0.0001778,1.6725748400485144e-18,0.9365431302501422,117.782472438893,4568180747520.674,1.8712273357925478e-08,85481.0468960192
0.42000000000000004,0.0009999999999999998,9.407057593073755e-18,0.9365431302501424,20.941723599635182,24390537277207.855,1.8712273357925478e-08,456402.40087778476
0.42000000000000004,0.005620000000000001,5.2867663673074535e-17,0.9365431302501424,3.7262853380133754,107158268738755.2,1.8712273357925478e-08,2005174.8172016277
0.42000000000000004,0.0031600000000000005,2.9726301994113083e-17,0.9365431302501424,6.627127721403535,68144320797327.94,1.8712273357925478e-08,1275135.1585497668
0.42000000000000004,0.001778,1.6725748400485143e-17,0.9365431302501424,11.778247243889298,41401082102460.12,1.8712273357925478e-08,774708.3656151498
0.42000000000000004,0.010000000000000002,9.407057593073763e-17,0.9365431302501421,2.0941723599635167,157567985783115.34,1.8712273357925478e-08,2948455.2224313696
0.44000000000000006,1.0000000000000001e-16,1.118956882979529e-30,0.9326813868333198,176056828459228.53,3.2954690897821513,1.802402166066379e-08,5.939760625628147e-08
0.44000000000000006,9.999999999999998e-15,1.1189568829795284e-28,0.93268138683332,1760568284592.2864,329.54690897794427,1.802402166066379e-08,5.9397606256232656e-06
0.44000000000000006,1e-12,1.1189568829795288e-26,0.9326813868333199,17605682845.92286,32954.69089504013,1.802402166066379e-08,0.0005939760625126829
0.44000000000000006,1.0000000000000002e-10,1.118956882979529e-24,0.9326813868333198,176056828.45922855,3295469.0619657347,1.802402166066379e-08,0.05939760575491778
0.44000000000000006,1e-08,1.118956882979529e-22,0.9326813868333198,1760568.2845922855,329546630.8141441,1.802402166066379e-08,5.939755611992905
0.44000000000000006,1e-06,1.1189568829795289e-20,0.9326813868333199,17605.682845922856,32951909520.435963,1.802402166066379e-08,593.925930956571
0.44000000000000006,1e-05,1.1189568829795288e-19,0.9326813868333199,1760.5682845922856,329269010388.46216,1.802402166066379e-08,5934.751775426972
0.44000000000000006,0.0001,1.118956882979529e-18,0.9326813868333198,176.05682845922854,3267915822733.727,1.802402166066379e-08,58900.98557417862
0.44000000000000006,0.000562,6.288537682344952e-18,0.9326813868333198,31.326837804133195,17686461338576.1,1.802402166066379e-08,318781.1622669883
0.44000000000000006,0.000316,3.535903750215311e-18,0.9326813868333198,55.71418622127486,10144033192916.967,1.802402166066379e-08,182836.27399562785
0.44000000000000006,0.0001778,1.9895053379376025e-18,0.9326813868333198,99.01958855974608,5772875262286.199,1.802402166066379e-08,104050.4287717566
0.44000000000000006,0.0009999999999999998,1.1189568829795285e-17,0.9326813868333198,17.60568284592286,30412857371904.84,1.802402166066379e-08,548162.0000338912
0.44000000000000006,0.005620000000000001,6.288537682344952e-17,0.93268138683332,3.1326837804133194,126644153596241.38,1.802402166066379e-08,2282636.9676150866
0.44000000000000006,0.0031600000000000005,3.5359037502153113e-17,0.9326813868333199,5.571418622127486,82598858698235.06,1.802402166066379e-08,1488763.6183230963
0.44000000000000006,0.001778,1.9895053379376023e-17,0.9326813868333199,9.901958855974609,51051631781114.766,1.802402166066379e-08,920155.7170350445
0.44000000000000006,0.010000000000000002,1.118956882979529e-16,0.93268138683332,1.7605682845922856,179570464225238.88,1.802402166066379e-08,3236581.9368111575
0.4600000000000001,1.0000000000000001e-16,1.3196019378659498e-30,0.9287096760031968,149287443695776.1,4.138368720105978,1.7217519529040584e-08,7.125244425679537e-08
0.4600000000000001,9.999999999999998e-15,1.3196019378659493e-28,0.9287096760031968,1492874436957.7615,413.83687201015937,1.7217519529040584e-08,7.125244425671987e-06
0.4600000000000001,1e-12,1.3196019378659497e-26,0.9287096760031968,14928744369.57761,41383.68719665548,1.7217519529040584e-08,0.0007125244424921226
0.4600000000000001,1.0000000000000002e-10,1.31960193786595e-24,0.9287096760031968,149287443.69577608,4138368.6760671954,1.7217519529040584e-08,0.07125244349855676
0.4600000000000001,1e-08,1.3196019378659495e-22,0.9287096760031968,1492874.4369577612,413836431.6239631,1.7217519529040584e-08,7.125236843314053
0.4600000000000001,1e-06,1.3196019378659497e-20,0.9287096760031968,14928.74436957761,41379283859.95702,1.7217519529040584e-08,712.4486279565239
0.4600000000000001,1e-05,1.3196019378659497e-19,0.9287096760031968,1492.874436957761,413397014804.6263,1.7217519529040584e-08,7117.671175645733
0.4600000000000001,0.0001,1.3196019378659496e-18,0.928709676003197,149.28744369577612,4094853502756.999,1.7217519529040584e-08,70503.22015227887
0.4600000000000001,0.000562,7.416162890806636e-18,0.9287096760031969,26.563602081098953,21954133239451.49,1.7217519529040584e-08,377995.717793415
0.4600000000000001,0.000316,4.1699421236564005e-18,0.9287096760031968,47.24286192904307,12653540461896.857,1.7217519529040584e-08,217862.58001421436
0.4600000000000001,0.0001778,2.346252245525658e-18,0.928709676003197,83.96369161742189,7221712430077.8955,1.7217519529040584e-08,124339.9747979813
0.4600000000000001,0.0009999999999999998,1.3196019378659493e-17,0.9287096760031968,14.928744369577615,37446259968517.836,1.7217519529040584e-08,644731.7122974865
0.4600000000000001,0.005620000000000001,7.41616289080664e-17,0.9287096760031964,2.656360208109894,146770102886555.2,1.7217519529040584e-08,2527017.11272856
0.4600000000000001,0.0031600000000000005,4.1699421236564014e-17,0.928709676003197,4.724286192904307,98468529156467.31,1.7217519529040584e-08,1695383.823747378
0.4600000000000001,0.001778,2.3462522455256585e-17,0.9287096760031968,8.396369161742188,62054178048561.41,1.7217519529040584e-08,1068419.0224096675
0.4600000000000001,0.010000000000000002,1.31960193786595e-16,0.9287096760031966,1.4928744369577607,199861533161643.56,1.7217519529040584e-08,3441119.85031459
0.4800000000000001,1.0000000000000001e-16,1.5444700293237653e-30,0.9246452881531624,127551843842677.2,5.15528081472153,1.6308878222010596e-08,8.407684700756099e-08
0.4800000000000001,9.999999999999998e-15,1.5444700293237649e-28,0.9246452881531625,1275518438426.7725,515.5280814714681,1.6308878222010596e-08,8.40768470074493e-06
0.4800000000000001,1e-12,1.5444700293237653e-26,0.9246452881531622,12755184384.267721,51552.808140352994,1.6308878222010596e-08,0.0008407684699636935
0.4800000000000001,1.0000000000000002e-10,1.5444700293237654e-24,0.9246452881531624,127551843.84267719,5155280.7461077105,1.6308878222010596e-08,0.08407684588854658
0.4800000000000001,1e-08,1.5444700293237653e-22,0.9246452881531624,1275518.4384267721,515527395.33465886,1.6308878222010596e-08,8.407673510623265
0.4800000000000001,1e-06,1.5444700293237653e-20,0.9246452881531623,12755.18438426772,51545947795.14571,1.6308878222010596e-08,840.6565854291471
0.4800000000000001,1e-05,1.5444700293237654e-19,0.9246452881531623,1275.518438426772,514842974609.70874,1.6308878222010596e-08,8396.511376367433
0.4800000000000001,0.0001,1.5444700293237654e-18,0.9246452881531623,127.5518438426772,5087682966135.659,1.6308878222010596e-08,82974.40192690413
0.4800000000000001,0.000562,8.67992156479956e-18,0.9246452881531624,22.696057623252173,26972829372609.195,1.6308878222010596e-08,439896.5895409538
0.4800000000000001,0.000316,4.880525292663097e-18,0.9246452881531625,40.36450754515103,15636467653967.422,1.6308878222010596e-08,255013.2467909624
0.4800000000000001,0.0001778,2.746067712137654e-18,0.9246452881531625,71.73894479340677,8954818084844.086,1.6308878222010596e-08,146043.03764598034
0.4800000000000001,0.0009999999999999998,1.544470029323765e-17,0.9246452881531624,12.755184384267723,45573150762657.71,1.6308878222010596e-08,743246.965981514
0.4800000000000001,0.005620000000000001,8.679921564799562e-17,0.9246452881531623,2.269605762325217,166877624092238.22,1.6308878222010596e-08,2721586.8492987747
0.4800000000000001,0.0031600000000000005,4.880525292663099e-17,0.9246452881531623,4.036450754515101,115538268979356.12,1.6308878222010596e-08,1884299.5587662235
0.4800000000000001,0.001778,2.7460677121376547e-17,0.9246452881531624,7.173894479340675,74418004224273.25,1.6308878222010596e-08,1213674.1684187425
0.4800000000000001,0.010000000000000002,1.5444700293237653e-16,0.9246452881531624,1.275518438426772,217290396874845.72,1.6308878222010596e-08,3543762.6214442104
0.5000000000000001,1.0000000000000001e-16,1.7955806540182053e-30,0.9205071201416326,109713812943544.12,6.379353628555204,1.5388445309030016e-08,9.816833441998395e-08
0.5000000000000001,9.999999999999998e-15,1.7955806540182047e-28,0.9205071201416328,1097138129435.4417,637.9353628544878,1.5388445309030016e-08,9.816833441982504e-06
0.5000000000000001,1e-12,1.795580654018205e-26,0.9205071201416326,10971381294.354414,63793.53627500544,1.5388445309030016e-08,0.0009816833440375436
0.5000000000000001,1.0000000000000002e-10,1.7955806540182054e-24,0.9205071201416326,109713812.94354412,6379353.523066982,1.5388445309030016e-08,0.0981683327966842
0.5000000000000001,1e-08,1.795580654018205e-22,0.9205071201416326,1097138.1294354415,637934307.9732454,1.5388445309030016e-08,9.816817209000197
0.5000000000000001,1e-06,1.795580654018205e-20,0.9205071201416326,10971.381294354414,63782989415.1384,1.5388445309030016e-08,981.5210442612977
0.5000000000000001,1e-05,1.795580654018205e-19,0.9205071201416328,1097.1381294354414,636882446949.6145,1.5388445309030016e-08,9800.630703165354
0.5000000000000001,0.0001,1.7955806540182056e-18,0.9205071201416325,109.71381294354411,6275796627387.801,1.5388445309030016e-08,96574.7531711522
0.5000000000000001,0.000562,1.0091163275582313e-17,0.9205071201416326,19.522030772872622,32832833455646.074,1.5388445309030016e-08,505246.2619727006
0.5000000000000001,0.000316,5.674034866697528e-18,0.9205071201416326,34.719561058083585,19163707718671.953,1.5388445309030016e-08,294899.66814701975
0.5000000000000001,0.0001778,3.192542402844369e-18,0.9205071201416326,61.70630649243201,11019694563287.234,1.5388445309030016e-08,169575.96710936102
0.5000000000000001,0.0009999999999999998,1.7955806540182046e-17,0.9205071201416326,10.971381294354416,54870221615660.9,1.5388445309030016e-08,844367.4044269543
0.5000000000000001,0.005620000000000001,1.0091163275582314e-16,0.9205071201416328,1.9522030772872618,186191087598107.94,1.5388445309030016e-08,2865191.368532301
0.5000000000000001,0.0031600000000000005,5.67403486669753e-17,0.9205071201416328,3.4719561058083577,133504768063767.08,1.5388445309030016e-08,2054430.821844017
0.5000000000000001,0.001778,3.1925424028443685e-17,0.9205071201416328,6.170630649243202,88115098223518.86,1.5388445309030016e-08,1355954.3699124279
0.5000000000000001,0.010000000000000002,1.7955806540182053e-16,0.9205071201416326,1.0971381294354412,230758546026868.66,1.5388445309030016e-08,3551015.2651257543
0.5200000000000001,1.0000000000000001e-16,2.078991297189792e-30,0.9164691973200196,94757491417250.4,7.867860303741578,1.4554217216822295e-08,1.1451054789226837e-07
0.5200000000000001,9.999999999999998e-15,2.0789912971897913e-28,0.9164691973200195,947574914172.5044,786.7860303725505,1.4554217216822295e-08,1.1451054789203443e-05
0.5200000000000001,1e-12,2.0789912971897917e-26,0.9164691973200197,9475749141.725042,78678.60302130923,1.4554217216822295e-08,0.0011451054786882655
0.5200000000000001,1.0000000000000002e-10,2.078991297189792e-24,0.9164691973200196,94757491.41725041,7867860.142662204,1.4554217216822295e-08,0.11451054554788416
0.5200000000000001,1e-08,2.0789912971897913e-22,0.9164691973200196,947574.9141725043,786784419.5808777,1.4554217216822295e-08,11.451031345391547
0.5200000000000001,1e-06,2.0789912971897917e-20,0.9164691973200196,9475.749141725042,78662498792.41234,1.4554217216822295e-08,1144.8710942427906
0.5200000000000001,1e-05,2.0789912971897916e-19,0.9164691973200197,947.5749141725042,785178949754.9885,1.4554217216822295e-08,11427.664988810502
0.5200000000000001,0.0001,2.0789912971897918e-18,0.9164691973200196,94.7574914172504,7710411265968.392,1.4554217216822295e-08,112219.00039593775
0.5200000000000001,0.000562,1.168393109020663e-17,0.9164691973200196,16.860763597375517,39705811389174.266,1.4554217216822295e-08,577887.0037282188
0.5200000000000001,0.000316,6.5696124991197415e-18,0.9164691973200196,29.9865479168514,23362503253056.66,1.4554217216822295e-08,340022.9470737041
0.5200000000000001,0.0001778,3.69644652640345e-18,0.9164691973200196,53.29442711881351,13499844553938.143,1.4554217216822295e-08,196479.6700313512
0.5200000000000001,0.0009999999999999998,2.0789912971897914e-17,0.9164691973200196,9.475749141725043,65518853569620.8,1.4554217216822295e-08,953575.6266494339
0.5200000000000001,0.005620000000000001,1.168393109020663e-16,0.9164691973200196,1.6860763597375517,204026748972257.62,1.4554217216822295e-08,2969449.622584312
0.5200000000000001,0.0031600000000000005,6.569612499119743e-17,0.9164691973200196,2.9986547916851394,152161802352943.75,1.4554217216822295e-08,2214595.923547925
0.5200000000000001,0.001778,3.69644652640345e-17,0.9164691973200196,5.3294427118813505,103231814021767.88,1.4554217216822295e-08,1502458.2449594112
0.5200000000000001,0.010000000000000002,2.0789912971897922e-16,0.9164691973200196,0.947574914172504,239419687525480.5,1.4554217216822295e-08,3484566.1382295624
0.54,1.0000000000000001e-16,2.3993699958243997e-30,0.9125914892082108,82104886008759.45,9.687255022990987,1.3658968584023164e-08,1.3231791202445448e-07
0.54,9.999999999999998e-15,2.399369995824399e-28,0.9125914892082108,821048860087.5947,968.7255022966525,1.3658968584023164e-08,1.3231791202412036e-05
0.54,1e-12,2.3993699958243992e-26,0.9125914892082109,8210488600.875948,96872.55020540509,1.3658968584023164e-08,0.0013231791199098347
0.54,1.0000000000000002e-10,2.3993699958243994e-24,0.912591489208211,82104886.00875947,9687254.777911028,1.3658968584023164e-08,0.132317908676915
0.54,1e-08,2.399369995824399e-22,0.9125914892082108,821048.8600875947,968723051.5044956,1.3658968584023164e-08,13.231757727118959
0.54,1e-06,2.3993699958243988e-20,0.912591489208211,8210.48860087595,96848049211.07423,1.3658968584023164e-08,1322.8444615979922
0.54,1e-05,2.399369995824399e-19,0.912591489208211,821.0488600875948,966281677599.4664,1.3658968584023164e-08,13198.41107764831
0.54,0.0001,2.399369995824399e-18,0.912591489208211,82.10488600875948,9448954428606.3,1.3658968584023164e-08,129062.97169220001
0.54,0.000562,1.3484459376533124e-17,0.9125914892082108,14.609410321843322,47752046621057.99,1.3658968584023164e-08,652243.7046198406
0.54,0.000316,7.5820091868051e-18,0.912591489208211,25.982558863531487,28364749780851.395,1.3658968584023164e-08,387433.22615032713
0.54,0.0001778,4.266079852575782e-18,0.912591489208211,46.1782261016645,16486366951815.498,1.3658968584023164e-08,225186.76825952562
0.54,0.0009999999999999998,2.399369995824399e-17,0.9125914892082108,8.210488600875948,77645434836881.89,1.3658968584023164e-08,1060556.5551297874
0.54,0.005620000000000001,1.3484459376533124e-16,0.9125914892082109,1.4609410321843324,219410471720713.7,1.3658968584023164e-08,2996920.740238931
0.54,0.0031600000000000005,7.582009186805102e-17,0.912591489208211,2.5982558863531477,171040407615787.84,1.3658968584023164e-08,2336235.5542225624
0.54,0.001778,4.266079852575782e-17,0.9125914892082108,4.61782261016645,119713218436555.95,1.3658968584023164e-08,1635159.0897172203
0.54,0.010000000000000002,2.3993699958243996e-16,0.9125914892082108,0.8210488600875946,242429344745104.34,1.3658968584023164e-08,3311334.8037187015
0.56,1.0000000000000001e-16,2.759850125864427e-30,0.9088542613570021,71380687724228.0,11.916962291879887,1.2674442157730919e-08,1.510408492642921e-07
0.56,9.999999999999998e-15,2.759850125864426e-28,0.9088542613570023,713806877242.2803,1191.6962291843636,1.2674442157730919e-08,1.5104084926383264e-05
0.56,1e-12,2.759850125864426e-26,0.9088542613570022,7138068772.422802,119169.622881595,1.2674442157730919e-08,0.0015104084921713828
0.56,1.0000000000000002e-10,2.759850125864427e-24,0.9088542613570022,71380687.724228,11916961.9197217,1.2674442157730919e-08,0.1510408445473947
0.56,1e-08,2.759850125864426e-22,0.9088542613570023,713806.8772422803,1191692507.6064506,1.2674442157730919e-08,15.10403775745927
0.56,1e-06,2.7598501258644263e-20,0.9088542613570021,7138.068772422802,119132420073.51588,1.2674442157730919e-08,1509.936967332279
0.56,1e-05,2.759850125864427e-19,0.9088542613570021,713.8068772422799,1187987690120.2432,1.2674442157730919e-08,15057.081262525386
0.56,0.0001,2.7598501258644264e-18,0.9088542613570022,71.38068772422801,11557406867359.496,1.2674442157730919e-08,146483.68483371002
0.56,0.000562,1.5510357707358075e-17,0.9088542613570023,12.701189986517441,57117728724617.09,1.2674442157730919e-08,723935.3489011251
0.56,0.000316,8.721126397731586e-18,0.9088542613570022,22.588825229186085,34308510455264.785,1.2674442157730919e-08,434841.23128316
0.56,0.0001778,4.907013523786951e-18,0.9088542613570022,40.14661851756355,20080640788987.367,1.2674442157730919e-08,254510.92017019255
0.56,0.0009999999999999998,2.759850125864426e-17,0.9088542613570021,7.138068772422802,91311237212792.89,1.2674442157730919e-08,1157318.9944043905
0.56,0.005620000000000001,1.5510357707358079e-16,0.9088542613570021,1.2701189986517438,231205816354821.38,1.2674442157730919e-08,2930404.7459201408
0.56,0.0031600000000000005,8.721126397731588e-17,0.9088542613570023,2.258882522918608,189417867457442.9,1.2674442157730919e-08,2400765.804730102
0.56,0.001778,4.90701352378695e-17,0.9088542613570022,4.014661851756356,137346854543092.16,1.2674442157730919e-08,1740794.7634527036
0.56,0.010000000000000002,2.7598501258644267e-16,0.9088542613570022,0.7138068772422801,239204252559339.25,1.2674442157730919e-08,3031780.4629466035
0.5800000000000001,1.0000000000000001e-16,3.166094825759935e-30,0.9053114621704443,62221762404957.51,14.679439010211565,1.161280660959138e-08,1.7046948636287842e-07
0.5800000000000001,9.999999999999998e-15,3.1660948257599345e-28,0.9053114621704443,622217624049.5751,1467.9439010155356,1.161280660959138e-08,1.7046948636222566e-05
0.5800000000000001,1e-12,3.166094825759935e-26,0.9053114621704441,6222176240.49575,146794.3900454751,1.161280660959138e-08,0.0017046948629710283
0.5800000000000001,1.0000000000000002e-10,3.1660948257599352e-24,0.9053114621704441,62221762.404957496,14679438.443719639,1.161280660959138e-08,0.17046947978431723
0.5800000000000001,1e-08,3.166094825759935e-22,0.9053114621704444,622217.6240495751,1467938236.1191576,1.161280660959138e-08,17.046882850876464
0.5800000000000001,1e-06,3.166094825759934e-20,0.9053114621704441,6222.176240495752,146737765454.01233,1.161280660959138e-08,1704.037292541024
0.5800000000000001,1e-05,3.166094825759935e-19,0.9053114621704443,622.2176240495751,1462303484307.217,1.161280660959138e-08,16981.447567791354
0.5800000000000001,0.0001,3.1660948257599352e-18,0.9053114621704441,62.221762404957495,14136419843465.297,1.161280660959138e-08,164163.50979415255
0.5800000000000001,0.000562,1.7793452920770835e-17,0.9053114621704441,11.071487972412367,68027321229185.17,1.161280660959138e-08,789988.1256030776
0.5800000000000001,0.000316,1.0004859649401392e-17,0.9053114621704443,19.69043114080934,41402507440839.87,1.161280660959138e-08,480799.3120626415
0.5800000000000001,0.0001778,5.629316600201165e-18,0.9053114621704442,34.9953669319221,24436474709482.227,1.161280660959138e-08,283776.0550213878
0.5800000000000001,0.0009999999999999998,3.166094825759934e-17,0.9053114621704443,6.222176240495752,106633895404903.88,1.161280660959138e-08,1238318.8053645436
0.5800000000000001,0.005620000000000001,1.7793452920770835e-16,0.9053114621704441,1.1071487972412366,238342265519895.9,1.161280660959138e-08,2767822.6363744307
0.5800000000000001,0.0031600000000000005,1.0004859649401397e-16,0.9053114621704441,1.9690431140809332,206493732508719.9,1.161280660959138e-08,2397971.781716457
0.5800000000000001,0.001778,5.629316600201165e-17,0.9053114621704443,3.4995366931922103,155906761763113.25,1.161280660959138e-08,1810515.0734826701
0.5800000000000001,0.010000000000000002,3.1660948257599356e-16,0.9053114621704442,0.6222176240495749,229565290989891.62,1.161280660959138e-08,2665897.3285401817
0.6000000000000001,1.0000000000000001e-16,3.6210955355223176e-30,0.9019161974550096,54403425169942.15,18.141969592002134,1.054459016969726e-08,1.9129963421877233e-07
0.6000000000000001,9.999999999999998e-15,3.6210955355223167e-28,0.9019161974550094,544034251699.42163,1814.1969591916259,1.054459016969726e-08,1.912996342178668e-05
0.6000000000000001,1e-12,3.6210955355223173e-26,0.9019161974550094,5440342516.994215,181419.6958332497,1.054459016969726e-08,0.0019129963412727517
0.6000000000000001,1.0000000000000002e-10,3.621095535522318e-24,0.9019161974550095,54403425.16994215,18141968.72418177,1.054459016969726e-08,0.19129962506796225
0.6000000000000001,1e-08,3.6210955355223176e-22,0.9019161974550094,544034.2516994214,1814188281.033115,1.054459016969726e-08,19.129871914161754
0.6000000000000001,1e-06,3.621095535522318e-20,0.9019161974550093,5440.342516994214,181332960471.82306,1.054459016969726e-08,1912.0817524332872
0.6000000000000001,1e-05,3.6210955355223173e-19,0.9019161974550094,544.0342516994215,1805565182326.537,1.054459016969726e-08,19038.944872308046
0.6000000000000001,0.0001,3.621095535522318e-18,0.9019161974550094,54.403425169942146,17318182848680.762,1.054459016969726e-08,182613.14062321885
0.6000000000000001,0.000562,2.0350556909635424e-17,0.9019161974550095,9.680324763334902,80719775073309.62,1.054459016969726e-08,851156.9467381946
0.6000000000000001,0.000316,1.1442661892250521e-17,0.9019161974550096,17.21627378795638,49898440155942.63,1.054459016969726e-08,526158.6015515797
0.6000000000000001,0.0001778,6.438307862158681e-18,0.9019161974550095,30.59810189535554,29749879230725.613,1.054459016969726e-08,313700.28408599
0.6000000000000001,0.0009999999999999998,3.621095535522317e-17,0.9019161974550096,5.440342516994217,123660871708377.7,1.054459016969726e-08,1303953.2121923536
0.6000000000000001,0.005620000000000001,2.0350556909635425e-16,0.9019161974550095,0.9680324763334902,239718864916292.44,1.054459016969726e-08,2527737.1864873227
0.6000000000000001,0.0031600000000000005,1.1442661892250525e-16,0.9019161974550093,1.7216273787956373,221173924816214.94,1.054459016969726e-08,2332188.393410421
0.6000000000000001,0.001778,6.43830786215868e-17,0.9019161974550095,3.059810189535554,174949025280157.0,1.054459016969726e-08,1844765.772167261
0.6000000000000001,0.010000000000000002,3.6210955355223184e-16,0.9019161974550093,0.5440342516994213,213713535409806.03,1.054459016969726e-08,2253521.644613488
0.6200000000000001,1.0000000000000001e-16,4.127679306304939e-30,0.8986244504058161,47726575971899.48,22.594956006897725,9.484258374868042e-09,2.1429640073819472e-07
0.6200000000000001,9.999999999999998e-15,4.127679306304936e-28,0.8986244504058165,477265759718.99506,2259.4956006763728,9.484258374868042e-09,2.1429640073692383e-05
0.6200000000000001,1e-12,4.127679306304937e-26,0.8986244504058163,4772657597.18995,225949.5599340056,9.484258374868042e-09,0.002142964006101841
0.6200000000000001,1.0000000000000002e-10,4.127679306304938e-24,0.8986244504058162,47726575.97189949,22594954.657000206,9.484258374868042e-09,0.21429638793541786
0.6200000000000001,1e-08,4.1276793063049374e-22,0.8986244504058164,477265.75971899496,2259482101.786281,9.484258374868042e-09,21.42951204673098
0.6200000000000001,1e-06,4.1276793063049375e-20,0.8986244504058162,4772.657597189949,225814660716.6551,9.484258374868042e-09,2141.6845870699212
0.6200000000000001,1e-05,4.127679306304938e-19,0.8986244504058163,477.2657597189949,2246086583861.417,9.484258374868042e-09,21302.465493666394
0.6200000000000001,0.0001,4.127679306304937e-18,0.8986244504058164,47.7265759718995,21329312904004.215,9.484258374868042e-09,202292.71453998296
0.6200000000000001,0.000562,2.3197557701433748e-17,0.8986244504058163,8.492273304608451,95615798875407.64,9.484258374868042e-09,906844.9412537832
0.6200000000000001,0.000316,1.3043466607923601e-17,0.8986244504058164,15.103346826550474,60226017674607.67,9.484258374868042e-09,571199.1125153485
0.6200000000000001,0.0001778,7.339013806610179e-18,0.8986244504058163,26.84284362873987,36355258019423.43,9.484258374868042e-09,344802.6603412052
0.6200000000000001,0.0009999999999999998,4.1276793063049367e-17,0.8986244504058163,4.7726575971899505,142537633267507.6,9.484258374868042e-09,1351863.7420512284
0.6200000000000001,0.005620000000000001,2.319755770143375e-16,0.8986244504058163,0.849227330460845,234290916767140.97,9.484258374868042e-09,2222075.589504268
0.6200000000000001,0.0031600000000000005,1.3043466607923602e-16,0.8986244504058164,1.5103346826550472,232176373853379.47,9.484258374868042e-09,2202020.7181654074
0.6200000000000001,0.001778,7.339013806610179e-17,0.8986244504058164,2.684284362873987,193940623560966.28,9.484258374868042e-09,1839382.9832352246
0.6200000000000001,0.010000000000000002,4.127679306304938e-16,0.8986244504058164,0.4772657597189949,192086225003262.06,9.484258374868042e-09,1821795.3881839751
0.6400000000000001,1.0000000000000001e-16,4.688839696747289e-30,0.8954040348184352,42014658794298.625,28.722521077836667,8.485176594894879e-09,2.4371566359603454e-07
0.6400000000000001,9.999999999999998e-15,4.688839696747288e-28,0.8954040348184354,420146587942.9864,2872.25210776198,8.485176594894879e-09,2.4371566359419437e-05
0.6400000000000001,1e-12,4.688839696747288e-26,0.8954040348184353,4201465879.429864,287225.21055966057,8.485176594894879e-09,0.0024371566341045855
0.6400000000000001,1.0000000000000002e-10,4.688839696747288e-24,0.8954040348184354,42014658.794298634,28722518.8906325,8.485176594894879e-09,0.2437156450372209
0.6400000000000001,1e-08,4.688839696747289e-22,0.8954040348184353,420146.5879429863,2872230235.910174,8.485176594894879e-09,24.371380772894405
0.6400000000000001,1e-06,4.6888396967472886e-20,0.8954040348184353,4201.465879429863,287006676994.22205,8.485176594894879e-09,2435.3023382099273
0.6400000000000001,1e-05,4.6888396967472885e-19,0.8954040348184353,420.14658794298634,2850565263975.5645,8.485176594894879e-09,24187.549660105804
0.6400000000000001,0.0001,4.688839696747288e-18,0.8954040348184353,42.01465879429864,26705832776431.082,8.485176594894879e-09,226603.70722174953
0.6400000000000001,0.000562,2.635127909571976e-17,0.8954040348184353,7.475917934928583,113840137618860.56,8.485176594894879e-09,965953.6712831677
0.6400000000000001,0.000316,1.4816733441721428e-17,0.8954040348184356,13.295778099461595,73439762946850.06,8.485176594894879e-09,623149.3576912404
0.6400000000000001,0.0001778,8.33675698081668e-18,0.8954040348184352,23.630291785319812,45050984987381.8,8.485176594894879e-09,382265.5633918926
0.6400000000000001,0.0009999999999999998,4.688839696747287e-17,0.8954040348184353,4.201465879429865,163953196251062.75,8.485176594894879e-09,1391171.8234877244
0.6400000000000001,0.005620000000000001,2.635127909571976e-16,0.8954040348184353,0.7475917934928582,220502893492981.25,8.485176594894879e-09,1871005.9909732428
0.6400000000000001,0.0031600000000000005,1.4816733441721435e-16,0.8954040348184352,1.329577809946159,237779503089351.5,8.485176594894879e-09,2017601.0743594998
0.6400000000000001,0.001778,8.336756980816678e-17,0.8954040348184353,2.3630291785319817,212407406258925.4,8.485176594894879e-09,1802314.352170562
0.6400000000000001,0.010000000000000002,4.688839696747289e-16,0.8954040348184352,0.42014658794298626,164563286844499.0,8.485176594894879e-09,1396348.5499119153
