mN (GeV),Ve^2,Total Width,BR Visible,ctau (m),N_events,Gamma_D0_NN_LNV,BR_D0_NN_LNV,Gamma_D0_NN_LNC,BR_D0_NN_LNC,Unnamed: 10,N_LNV,Unnamed: 12,N_LNC
0.1,1e-18,7.25e-37,0.369991138,2.72e+20,1.26e-07,9.349458339507727e-17,5.828141532512945e-05,1.6570414567322477e-17,1.0329445604637515e-05,,8.59e-06,,1.52e-06
0.1,1e-16,7.25e-35,0.369991138,2.72e+18,1.26e-05,9.349458339507727e-17,5.828141532512945e-05,1.6570414567322477e-17,1.0329445604637515e-05,,0.000859,,0.000152
0.1,1e-14,7.25e-33,0.369991138,2.72e+16,0.001260972,9.349458339507727e-17,5.828141532512945e-05,1.6570414567322477e-17,1.0329445604637515e-05,,0.0859,,0.0152
0.1,1e-12,7.250000000000001e-31,0.369991138,271622000000000.0,0.126097187,9.349458339507727e-17,5.828141532512945e-05,1.6570414567322477e-17,1.0329445604637515e-05,,0.859,,0.152
0.1,1e-10,7.25e-29,0.369991138,2716220000000.0,12.60971868,9.349458339507727e-17,5.828141532512945e-05,1.6570414567322477e-17,1.0329445604637515e-05,,8.59,,1.52
0.1,1e-08,7.250000000000001e-27,0.369991138,27162187500.0,1260.971868,9.349458339507727e-17,5.828141532512945e-05,1.6570414567322477e-17,1.0329445604637515e-05,,0.000642,,0.000256
0.1,1e-06,7.25e-25,0.369991138,271621875.0,126097.1867,9.349458339507727e-17,5.828141532512945e-05,1.6570414567322477e-17,1.0329445604637515e-05,,0.0642,,0.0256
0.1,1e-05,7.249999999999999e-24,0.369991138,27162187.5,1260971.858,9.349458339507727e-17,5.828141532512945e-05,1.6570414567322477e-17,1.0329445604637515e-05,,6.42,,2.56
0.1,0.0001,7.249999999999999e-23,0.369991138,2716218.75,12609717.69,9.349458339507727e-17,5.828141532512945e-05,1.6570414567322477e-17,1.0329445604637515e-05,,64.2,,25.6
0.1,0.000562,4.08e-22,0.369991138,483312.9448,70866587.82,9.349458339507727e-17,5.828141532512945e-05,1.6570414567322477e-17,1.0329445604637515e-05,,642.0,,256.0
0.1,0.000316,2.29e-22,0.369991138,859562.8956,39846701.18,9.349458339507727e-17,5.828141532512945e-05,1.6570414567322477e-17,1.0329445604637515e-05,,0.0198,,0.014
0.1,0.0001778,1.29e-22,0.369991138,1527682.087,22420076.69,9.349458339507727e-17,5.828141532512945e-05,1.6570414567322477e-17,1.0329445604637515e-05,,1.98,,1.4
0.1,0.001,7.25e-22,0.369991138,271621.875,126097088.2,9.349458339507727e-17,5.828141532512945e-05,1.6570414567322477e-17,1.0329445604637515e-05,,198.0,,140.0
0.1,0.00562,4.08e-21,0.369991138,48331.29448,708663074.2,9.349458339507727e-17,5.828141532512945e-05,1.6570414567322477e-17,1.0329445604637515e-05,,1980.0,,1400.0
0.1,0.00316,2.29e-21,0.369991138,85956.28956,398466125.2,9.349458339507727e-17,5.828141532512945e-05,1.6570414567322477e-17,1.0329445604637515e-05,,19800.0,,14000.0
0.1,0.001778,1.29e-21,0.369991138,152768.2087,224200486.3,9.349458339507727e-17,5.828141532512945e-05,1.6570414567322477e-17,1.0329445604637515e-05,,0.0844,,0.0935
0.1,0.01,7.25e-21,0.369991138,27162.1875,1260962004.0,9.349458339507727e-17,5.828141532512945e-05,1.6570414567322477e-17,1.0329445604637515e-05,,8.44,,9.35
0.15,1e-18,1.6900000000000002e-35,0.794752703,1.17e+19,9.5e-06,9.281153295081703e-17,5.785562438426045e-05,3.7011048383746567e-17,2.307145723465697e-05,,844.0,,935.0
0.15,1e-16,1.69e-33,0.794752703,1.17e+17,0.000950281,9.281153295081703e-17,5.785562438426045e-05,3.7011048383746567e-17,2.307145723465697e-05,,8440.0,,9350.0
0.15,1e-14,1.69e-31,0.794752703,1165560000000000.0,0.095028112,9.281153295081703e-17,5.785562438426045e-05,3.7011048383746567e-17,2.307145723465697e-05,,84400.0,,93400.0
0.15,1e-12,1.6900000000000001e-29,0.794752703,11655600000000.0,9.50281119,9.281153295081703e-17,5.785562438426045e-05,3.7011048383746567e-17,2.307145723465697e-05,,0.225,,0.36
0.15,1e-10,1.6900000000000003e-27,0.794752703,116556000000.0,950.281119,9.281153295081703e-17,5.785562438426045e-05,3.7011048383746567e-17,2.307145723465697e-05,,22.5,,36.0
0.15,1e-08,1.69e-25,0.794752703,1165560234.0,95028.11187,9.281153295081703e-17,5.785562438426045e-05,3.7011048383746567e-17,2.307145723465697e-05,,2250.0,,3600.0
0.15,1e-06,1.69e-23,0.794752703,11655602.34,9502810.929,9.281153295081703e-17,5.785562438426045e-05,3.7011048383746567e-17,2.307145723465697e-05,,22500.0,,36000.0
0.15,1e-05,1.69e-22,0.794752703,1165560.234,95028085.82,9.281153295081703e-17,5.785562438426045e-05,3.7011048383746567e-17,2.307145723465697e-05,,225000.0,,359000.0
0.15,0.0001,1.6900000000000001e-21,0.794752703,116556.0234,950278510.9,9.281153295081703e-17,5.785562438426045e-05,3.7011048383746567e-17,2.307145723465697e-05,,0.481,,1.04
0.15,0.000562,9.500000000000001e-21,0.794752703,20739.50594,5340497514.0,9.281153295081703e-17,5.785562438426045e-05,3.7011048383746567e-17,2.307145723465697e-05,,48.1,,104.0
0.15,0.000316,5.34e-21,0.794752703,36884.81753,3002862293.0,9.281153295081703e-17,5.785562438426045e-05,3.7011048383746567e-17,2.307145723465697e-05,,4810.0,,10400.0
0.15,0.0001778,3.01e-21,0.794752703,65554.56884,1689591585.0,9.281153295081703e-17,5.785562438426045e-05,3.7011048383746567e-17,2.307145723465697e-05,,48100.0,,104000.0
0.15,0.001,1.69e-20,0.794752703,11655.60234,9502550385.0,9.281153295081703e-17,5.785562438426045e-05,3.7011048383746567e-17,2.307145723465697e-05,,478000.0,,1040000.0
0.15,0.00562,9.5e-20,0.794752703,2073.950594,53397562703.0,9.281153295081703e-17,5.785562438426045e-05,3.7011048383746567e-17,2.307145723465697e-05,,0.897,,2.54
0.15,0.00316,5.34e-20,0.794752703,3688.481753,30026279243.0,9.281153295081703e-17,5.785562438426045e-05,3.7011048383746567e-17,2.307145723465697e-05,,89.7,,254.0
0.15,0.001778,3.01e-20,0.794752703,6555.456884,16895173838.0,9.281153295081703e-17,5.785562438426045e-05,3.7011048383746567e-17,2.307145723465697e-05,,8970.0,,25400.0
0.15,0.01,1.69e-19,0.794752703,1165.560234,95002038666.0,9.281153295081703e-17,5.785562438426045e-05,3.7011048383746567e-17,2.307145723465697e-05,,89600.0,,254000.0
0.2,1e-18,3.2599999999999997e-34,0.95517466,6.04e+17,0.000295328,9.184672875463091e-17,5.725419752054856e-05,6.511343510395432e-17,4.0589550931559495e-05,,888000.0,,2520000.0
0.2,1e-16,3.2600000000000003e-32,0.95517466,6041160000000000.0,0.02953276,9.184672875463091e-17,5.725419752054856e-05,6.511343510395432e-17,4.0589550931559495e-05,,1.53,,5.48
0.2,1e-14,3.26e-30,0.95517466,60411600000000.0,2.953276044,9.184672875463091e-17,5.725419752054856e-05,6.511343510395432e-17,4.0589550931559495e-05,,153.0,,548.0
0.2,1e-12,3.26e-28,0.95517466,604116000000.0,295.3276044,9.184672875463091e-17,5.725419752054856e-05,6.511343510395432e-17,4.0589550931559495e-05,,15300.0,,54800.0
0.2,1e-10,3.26e-26,0.95517466,6041163850.0,29532.76044,9.184672875463091e-17,5.725419752054856e-05,6.511343510395432e-17,4.0589550931559495e-05,,152000.0,,547000.0
0.2,1e-08,3.26e-24,0.95517466,60411638.5,2953276.023,9.184672875463091e-17,5.725419752054856e-05,6.511343510395432e-17,4.0589550931559495e-05,,1500000.0,,5390000.0
0.2,1e-06,3.26e-22,0.95517466,604116.385,295327394.8,9.184672875463091e-17,5.725419752054856e-05,6.511343510395432e-17,4.0589550931559495e-05,,2.43,,10.8
0.2,1e-05,3.2600000000000002e-21,0.95517466,60411.6385,2953255085.0,9.184672875463091e-17,5.725419752054856e-05,6.511343510395432e-17,4.0589550931559495e-05,,243.0,,1080.0
0.2,0.0001,3.26e-20,0.95517466,6041.16385,29530664653.0,9.184672875463091e-17,5.725419752054856e-05,6.511343510395432e-17,4.0589550931559495e-05,,24300.0,,108000.0
0.2,0.000562,1.83e-19,0.95517466,1074.940187,165908000000.0,9.184672875463091e-17,5.725419752054856e-05,6.511343510395432e-17,4.0589550931559495e-05,,242000.0,,1070000.0
0.2,0.000316,1.03e-19,0.95517466,1911.760712,93302598897.0,9.184672875463091e-17,5.725419752054856e-05,6.511343510395432e-17,4.0589550931559495e-05,,2360000.0,,10500000.0
0.2,0.0001778,5.8e-20,0.95517466,3397.729949,52502623094.0,9.184672875463091e-17,5.725419752054856e-05,6.511343510395432e-17,4.0589550931559495e-05,,3.7,,19.8
0.2,0.001,3.26e-19,0.95517466,604.116385,295118000000.0,9.184672875463091e-17,5.725419752054856e-05,6.511343510395432e-17,4.0589550931559495e-05,,370.0,,1980.0
0.2,0.00562,1.83e-18,0.95517466,107.4940187,1653150000000.0,9.184672875463091e-17,5.725419752054856e-05,6.511343510395432e-17,4.0589550931559495e-05,,36900.0,,198000.0
0.2,0.00316,1.03e-18,0.95517466,191.1760712,931148000000.0,9.184672875463091e-17,5.725419752054856e-05,6.511343510395432e-17,4.0589550931559495e-05,,368000.0,,1970000.0
0.2,0.001778,5.8e-19,0.95517466,339.7729949,524431000000.0,9.184672875463091e-17,5.725419752054856e-05,6.511343510395432e-17,4.0589550931559495e-05,,3540000.0,,19000000.0
0.2,0.01,3.26e-18,0.95517466,60.4116385,2932480000000.0,9.184672875463091e-17,5.725419752054856e-05,6.511343510395432e-17,4.0589550931559495e-05,,5.45,,34.8
0.25,1e-18,1.12e-33,0.960067784,1.76e+17,0.001279709,9.059116914444539e-17,5.6471523397091986e-05,1.0034894364672695e-16,6.255419565216054e-05,,545.0,,3480.0
0.25,1e-16,1.12e-31,0.960067784,1763540000000000.0,0.127970937,9.059116914444539e-17,5.6471523397091986e-05,1.0034894364672695e-16,6.255419565216054e-05,,54500.0,,348000.0
0.25,1e-14,1.1200000000000001e-29,0.960067784,17635400000000.0,12.79709371,9.059116914444539e-17,5.6471523397091986e-05,1.0034894364672695e-16,6.255419565216054e-05,,541000.0,,3450000.0
0.25,1e-12,1.1200000000000001e-27,0.960067784,176354000000.0,1279.709371,9.059116914444539e-17,5.6471523397091986e-05,1.0034894364672695e-16,6.255419565216054e-05,,5120000.0,,32700000.0
0.25,1e-10,1.12e-25,0.960067784,1763542141.0,127970.937,9.059116914444539e-17,5.6471523397091986e-05,1.0034894364672695e-16,6.255419565216054e-05,,7.77,,58.2
0.25,1e-08,1.1199999999999999e-23,0.960067784,17635421.41,12797093.31,9.059116914444539e-17,5.6471523397091986e-05,1.0034894364672695e-16,6.255419565216054e-05,,777.0,,5820.0
0.25,1e-06,1.1200000000000002e-21,0.960067784,176354.2141,1279705455.0,9.059116914444539e-17,5.6471523397091986e-05,1.0034894364672695e-16,6.255419565216054e-05,,77600.0,,581000.0
0.25,1e-05,1.12e-20,0.960067784,17635.42141,12796702179.0,9.059116914444539e-17,5.6471523397091986e-05,1.0034894364672695e-16,6.255419565216054e-05,,768000.0,,5750000.0
0.25,0.0001,1.12e-19,0.960067784,1763.542141,127932000000.0,9.059116914444539e-17,5.6471523397091986e-05,1.0034894364672695e-16,6.255419565216054e-05,,7100000.0,,53200000.0
0.25,0.000562,6.28e-19,0.960067784,313.7975339,717962000000.0,9.059116914444539e-17,5.6471523397091986e-05,1.0034894364672695e-16,6.255419565216054e-05,,10.7,,92.5
0.25,0.000316,3.53e-19,0.960067784,558.0829559,403998000000.0,9.059116914444539e-17,5.6471523397091986e-05,1.0034894364672695e-16,6.255419565216054e-05,,1070.0,,9250.0
0.25,0.0001778,1.99e-19,0.960067784,991.8684706,227409000000.0,9.059116914444539e-17,5.6471523397091986e-05,1.0034894364672695e-16,6.255419565216054e-05,,106000.0,,924000.0
0.25,0.001,1.12e-18,0.960067784,176.3542141,1275810000000.0,9.059116914444539e-17,5.6471523397091986e-05,1.0034894364672695e-16,6.255419565216054e-05,,1050000.0,,9100000.0
0.25,0.00562,6.28e-18,0.960067784,31.37975339,7070630000000.0,9.059116914444539e-17,5.6471523397091986e-05,1.0034894364672695e-16,6.255419565216054e-05,,9390000.0,,81500000.0
0.25,0.00316,3.53e-18,0.960067784,55.80829559,4005200000000.0,9.059116914444539e-17,5.6471523397091986e-05,1.0034894364672695e-16,6.255419565216054e-05,,14.0,,140.0
0.25,0.001778,1.99e-18,0.960067784,99.18684706,2263020000000.0,9.059116914444539e-17,5.6471523397091986e-05,1.0034894364672695e-16,6.255419565216054e-05,,1400.0,,14000.0
0.25,0.01,1.12e-17,0.960067784,17.63542141,12418500000000.0,9.059116914444539e-17,5.6471523397091986e-05,1.0034894364672695e-16,6.255419565216054e-05,,140000.0,,1390000.0
0.3,1e-18,2.52e-33,0.955927763,7.82e+16,0.003476592,8.903255405059932e-17,5.549993455934503e-05,1.42016323227479e-16,8.852825496845129e-05,,1370000.0,,13600000.0
0.3,1e-16,2.5200000000000003e-31,0.955927763,782221000000000.0,0.347659235,8.903255405059932e-17,5.549993455934503e-05,1.42016323227479e-16,8.852825496845129e-05,,11800000.0,,117000000.0
0.3,1e-14,2.5200000000000002e-29,0.955927763,7822210000000.0,34.76592352,8.903255405059932e-17,5.549993455934503e-05,1.42016323227479e-16,8.852825496845129e-05,,17.8,,202.0
0.3,1e-12,2.5200000000000003e-27,0.955927763,78222139627.0,3476.592352,8.903255405059932e-17,5.549993455934503e-05,1.42016323227479e-16,8.852825496845129e-05,,1780.0,,20200.0
0.3,1e-10,2.5199999999999998e-25,0.955927763,782221396.3,347659.2349,8.903255405059932e-17,5.549993455934503e-05,1.42016323227479e-16,8.852825496845129e-05,,177000.0,,2010000.0
0.3,1e-08,2.52e-23,0.955927763,7822213.963,34765920.61,8.903255405059932e-17,5.549993455934503e-05,1.42016323227479e-16,8.852825496845129e-05,,1720000.0,,19500000.0
0.3,1e-06,2.5200000000000004e-21,0.955927763,78222.13963,3476563329.0,8.903255405059932e-17,5.549993455934503e-05,1.42016323227479e-16,8.852825496845129e-05,,14000000.0,,159000000.0
0.3,1e-05,2.52e-20,0.955927763,7822.213963,34763021510.0,8.903255405059932e-17,5.549993455934503e-05,1.42016323227479e-16,8.852825496845129e-05,,22.4,,286.0
0.3,0.0001,2.52e-19,0.955927763,782.2213963,347369000000.0,8.903255405059932e-17,5.549993455934503e-05,1.42016323227479e-16,8.852825496845129e-05,,2240.0,,28600.0
0.3,0.000562,1.42e-18,0.955927763,139.1853018,1944730000000.0,8.903255405059932e-17,5.549993455934503e-05,1.42016323227479e-16,8.852825496845129e-05,,222000.0,,2840000.0
0.3,0.000316,7.96e-19,0.955927763,247.5384165,1095710000000.0,8.903255405059932e-17,5.549993455934503e-05,1.42016323227479e-16,8.852825496845129e-05,,2120000.0,,27200000.0
0.3,0.0001778,4.48e-19,0.955927763,439.9445423,617222000000.0,8.903255405059932e-17,5.549993455934503e-05,1.42016323227479e-16,8.852825496845129e-05,,16000000.0,,204000000.0
0.3,0.001,2.52e-18,0.955927763,78.22213963,3447840000000.0,8.903255405059932e-17,5.549993455934503e-05,1.42016323227479e-16,8.852825496845129e-05,,23.1,,332.0
0.3,0.00562,1.42e-17,0.955927763,13.91853018,18667300000000.0,8.903255405059932e-17,5.549993455934503e-05,1.42016323227479e-16,8.852825496845129e-05,,2310.0,,33200.0
0.3,0.00316,7.96e-18,0.955927763,24.75384165,10704500000000.0,8.903255405059932e-17,5.549993455934503e-05,1.42016323227479e-16,8.852825496845129e-05,,229000.0,,3290000.0
0.3,0.001778,4.48e-18,0.955927763,43.99445423,6091130000000.0,8.903255405059932e-17,5.549993455934503e-05,1.42016323227479e-16,8.852825496845129e-05,,2140000.0,,30700000.0
0.3,0.01,2.52e-17,0.955927763,7.822213963,32109300000000.0,8.903255405059932e-17,5.549993455934503e-05,1.42016323227479e-16,8.852825496845129e-05,,14300000.0,,205000000.0
0.35,1e-18,4.69e-33,0.948871031,4.2e+16,0.007578576,8.715462606409875e-17,5.432929667897253e-05,1.8922279615582552e-16,0.00011795520094611853,,0.0,,0.0
0.35,1e-16,4.6900000000000005e-31,0.948871031,419858000000000.0,0.75785761,8.715462606409875e-17,5.432929667897253e-05,1.8922279615582552e-16,0.00011795520094611853,,0.0,,0.0
0.35,1e-14,4.69e-29,0.948871031,4198580000000.0,75.78576101,8.715462606409875e-17,5.432929667897253e-05,1.8922279615582552e-16,0.00011795520094611853,,0.0,,0.0
0.35,1e-12,4.69e-27,0.948871031,41985831243.0,7578.5761,8.715462606409875e-17,5.432929667897253e-05,1.8922279615582552e-16,0.00011795520094611853,,0.0,,0.0
0.35,1e-10,4.69e-25,0.948871031,419858312.4,757857.6087,8.715462606409875e-17,5.432929667897253e-05,1.8922279615582552e-16,0.00011795520094611853,,0.0,,0.0
0.35,1e-08,4.6899999999999994e-23,0.948871031,4198583.124,75785747.11,8.715462606409875e-17,5.432929667897253e-05,1.8922279615582552e-16,0.00011795520094611853,,,,
0.35,1e-06,4.6900000000000004e-21,0.948871031,41985.83124,7578437164.0,8.715462606409875e-17,5.432929667897253e-05,1.8922279615582552e-16,0.00011795520094611853,,,,
0.35,1e-05,4.69e-20,0.948871031,4198.583124,75771869945.0,8.715462606409875e-17,5.432929667897253e-05,1.8922279615582552e-16,0.00011795520094611853,,,,
0.35,0.0001,4.69e-19,0.948871031,419.8583124,756471000000.0,8.715462606409875e-17,5.432929667897253e-05,1.8922279615582552e-16,0.00011795520094611853,,,,
0.35,0.000562,2.64e-18,0.948871031,74.70788477,4215780000000.0,8.715462606409875e-17,5.432929667897253e-05,1.8922279615582552e-16,0.00011795520094611853,,,,
0.35,0.000316,1.48e-18,0.948871031,132.8665546,2381050000000.0,8.715462606409875e-17,5.432929667897253e-05,1.8922279615582552e-16,0.00011795520094611853,,,,
0.35,0.0001778,8.34e-19,0.948871031,236.1407831,1343090000000.0,8.715462606409875e-17,5.432929667897253e-05,1.8922279615582552e-16,0.00011795520094611853,,,,
0.35,0.001,4.69e-18,0.948871031,41.98583124,7442430000000.0,8.715462606409875e-17,5.432929667897253e-05,1.8922279615582552e-16,0.00011795520094611853,,,,
0.35,0.00562,2.64e-17,0.948871031,7.470788477,38651700000000.0,8.715462606409875e-17,5.432929667897253e-05,1.8922279615582552e-16,0.00011795520094611853,,,,
0.35,0.00316,1.48e-17,0.948871031,13.28665546,22644900000000.0,8.715462606409875e-17,5.432929667897253e-05,1.8922279615582552e-16,0.00011795520094611853,,,,
0.35,0.001778,8.34e-18,0.948871031,23.61407831,13050900000000.0,8.715462606409875e-17,5.432929667897253e-05,1.8922279615582552e-16,0.00011795520094611853,,,,
0.35,0.01,4.69e-17,0.948871031,4.198583124,64208800000000.0,8.715462606409875e-17,5.432929667897253e-05,1.8922279615582552e-16,0.00011795520094611853,,,,
0.4,1e-18,7.83e-33,0.940275074,2.52e+16,0.01450258,8.49362079313498e-17,5.294640856006202e-05,2.408572776887306e-16,0.00015014242029122785,,,,
0.4,1e-16,7.83e-31,0.940275074,251556000000000.0,1.450257987,8.49362079313498e-17,5.294640856006202e-05,2.408572776887306e-16,0.00015014242029122785,,,,
0.4,1e-14,7.83e-29,0.940275074,2515560000000.0,145.0257987,8.49362079313498e-17,5.294640856006202e-05,2.408572776887306e-16,0.00015014242029122785,,,,
0.4,1e-12,7.83e-27,0.940275074,25155612523.0,14502.57987,8.49362079313498e-17,5.294640856006202e-05,2.408572776887306e-16,0.00015014242029122785,,,,
0.4,1e-10,7.83e-25,0.940275074,251556125.2,1450257.982,8.49362079313498e-17,5.294640856006202e-05,2.408572776887306e-16,0.00015014242029122785,,,,
0.4,1e-08,7.83e-23,0.940275074,2515561.252,145025747.4,8.49362079313498e-17,5.294640856006202e-05,2.408572776887306e-16,0.00015014242029122785,,,,
0.4,1e-06,7.83e-21,0.940275074,25155.61252,14502066449.0,8.49362079313498e-17,5.294640856006202e-05,2.408572776887306e-16,0.00015014242029122785,,,,
0.4,1e-05,7.83e-20,0.940275074,2515.561252,144974000000.0,8.49362079313498e-17,5.294640856006202e-05,2.408572776887306e-16,0.00015014242029122785,,,,
0.4,0.0001,7.83e-19,0.940275074,251.5561252,1445140000000.0,8.49362079313498e-17,5.294640856006202e-05,2.408572776887306e-16,0.00015014242029122785,,,,
0.4,0.000562,4.4e-18,0.940275074,44.76087638,7991810000000.0,8.49362079313498e-17,5.294640856006202e-05,2.408572776887306e-16,0.00015014242029122785,,,,
0.4,0.000316,2.47e-18,0.940275074,79.60636875,4532180000000.0,8.49362079313498e-17,5.294640856006202e-05,2.408572776887306e-16,0.00015014242029122785,,,,
0.4,0.0001778,1.39e-18,0.940275074,141.4826351,2562440000000.0,8.49362079313498e-17,5.294640856006202e-05,2.408572776887306e-16,0.00015014242029122785,,,,
0.4,0.001,7.83e-18,0.940275074,25.15561252,14008600000000.0,8.49362079313498e-17,5.294640856006202e-05,2.408572776887306e-16,0.00015014242029122785,,,,
0.4,0.00562,4.4e-17,0.940275074,4.476087638,68176100000000.0,8.49362079313498e-17,5.294640856006202e-05,2.408572776887306e-16,0.00015014242029122785,,,,
0.4,0.00316,2.47e-17,0.940275074,7.960636875,41264400000000.0,8.49362079313498e-17,5.294640856006202e-05,2.408572776887306e-16,0.00015014242029122785,,,,
0.4,0.001778,1.39e-17,0.940275074,14.14826351,24268600000000.0,8.49362079313498e-17,5.294640856006202e-05,2.408572776887306e-16,0.00015014242029122785,,,,
0.4,0.01,7.83e-17,0.940275074,2.515561252,107745000000000.0,8.49362079313498e-17,5.294640856006202e-05,2.408572776887306e-16,0.00015014242029122785,,,,
0.45,1e-18,1.22e-32,0.930708146,1.62e+16,0.025451428,8.23497868905968e-17,5.13341196615191e-05,2.955523591828617e-16,0.00018423751591116401,,,,
0.45,1e-16,1.22e-30,0.930708146,161958000000000.0,2.545142821,8.23497868905968e-17,5.13341196615191e-05,2.955523591828617e-16,0.00018423751591116401,,,,
0.45,1e-14,1.22e-28,0.930708146,1619580000000.0,254.5142821,8.23497868905968e-17,5.13341196615191e-05,2.955523591828617e-16,0.00018423751591116401,,,,
0.45,1e-12,1.22e-26,0.930708146,16195751405.0,25451.42821,8.23497868905968e-17,5.13341196615191e-05,2.955523591828617e-16,0.00018423751591116401,,,,
0.45,1e-10,1.2199999999999999e-24,0.930708146,161957514.0,2545142.806,8.23497868905968e-17,5.13341196615191e-05,2.955523591828617e-16,0.00018423751591116401,,,,
0.45,1e-08,1.22e-22,0.930708146,1619575.14,254514122.4,8.23497868905968e-17,5.13341196615191e-05,2.955523591828617e-16,0.00018423751591116401,,,,
0.45,1e-06,1.22e-20,0.930708146,16195.7514,25449830729.0,8.23497868905968e-17,5.13341196615191e-05,2.955523591828617e-16,0.00018423751591116401,,,,
0.45,1e-05,1.22e-19,0.930708146,1619.57514,254355000000.0,8.23497868905968e-17,5.13341196615191e-05,2.955523591828617e-16,0.00018423751591116401,,,,
0.45,0.0001,1.22e-18,0.930708146,161.957514,2529280000000.0,8.23497868905968e-17,5.13341196615191e-05,2.955523591828617e-16,0.00018423751591116401,,,,
0.45,0.000562,6.84e-18,0.930708146,28.818063,13818200000000.0,8.23497868905968e-17,5.13341196615191e-05,2.955523591828617e-16,0.00018423751591116401,,,,
0.45,0.000316,3.84e-18,0.930708146,51.25237786,7886580000000.0,8.23497868905968e-17,5.13341196615191e-05,2.955523591828617e-16,0.00018423751591116401,,,,
0.45,0.0001778,2.16e-18,0.930708146,91.08971544,4475380000000.0,8.23497868905968e-17,5.13341196615191e-05,2.955523591828617e-16,0.00018423751591116401,,,,
0.45,0.001,1.22e-17,0.930708146,16.1957514,23958000000000.0,8.23497868905968e-17,5.13341196615191e-05,2.955523591828617e-16,0.00018423751591116401,,,,
0.45,0.00562,6.84e-17,0.930708146,2.8818063,106365000000000.0,8.23497868905968e-17,5.13341196615191e-05,2.955523591828617e-16,0.00018423751591116401,,,,
0.45,0.00316,3.84e-17,0.930708146,5.125237786,67308000000000.0,8.23497868905968e-17,5.13341196615191e-05,2.955523591828617e-16,0.00018423751591116401,,,,
0.45,0.001778,2.16e-17,0.930708146,9.108971544,40755900000000.0,8.23497868905968e-17,5.13341196615191e-05,2.955523591828617e-16,0.00018423751591116401,,,,
0.45,0.01,1.22e-16,0.930708146,1.61957514,157499000000000.0,8.23497868905968e-17,5.13341196615191e-05,2.955523591828617e-16,0.00018423751591116401,,,,
0.5,1e-18,1.8e-32,0.92050712,1.1e+16,0.04199998,7.935939008006896e-17,4.947000569713202e-05,3.5162945961258765e-16,0.00021919411619423384,,,,
0.5,1e-16,1.7999999999999998e-30,0.92050712,109714000000000.0,4.199998046,7.935939008006896e-17,4.947000569713202e-05,3.5162945961258765e-16,0.00021919411619423384,,,,
0.5,1e-14,1.8e-28,0.92050712,1097140000000.0,419.9998046,7.935939008006896e-17,4.947000569713202e-05,3.5162945961258765e-16,0.00021919411619423384,,,,
0.5,1e-12,1.8e-26,0.92050712,10971381294.0,41999.98046,7.935939008006896e-17,4.947000569713202e-05,3.5162945961258765e-16,0.00021919411619423384,,,,
0.5,1e-10,1.8e-24,0.92050712,109713812.9,4199998.002,7.935939008006896e-17,4.947000569713202e-05,3.5162945961258765e-16,0.00021919411619423384,,,,
0.5,1e-08,1.8000000000000001e-22,0.92050712,1097138.129,419999364.8,7.935939008006896e-17,4.947000569713202e-05,3.5162945961258765e-16,0.00021919411619423384,,,,
0.5,1e-06,1.8e-20,0.92050712,10971.38129,41995582242.0,7.935939008006896e-17,4.947000569713202e-05,3.5162945961258765e-16,0.00021919411619423384,,,,
0.5,1e-05,1.8e-19,0.92050712,1097.138129,419560000000.0,7.935939008006896e-17,4.947000569713202e-05,3.5162945961258765e-16,0.00021919411619423384,,,,
0.5,0.0001,1.8e-18,0.92050712,109.7138129,4156520000000.0,7.935939008006896e-17,4.947000569713202e-05,3.5162945961258765e-16,0.00021919411619423384,,,,
0.5,0.000562,1.01e-17,0.92050712,19.52203077,22300000000000.0,7.935939008006896e-17,4.947000569713202e-05,3.5162945961258765e-16,0.00021919411619423384,,,,
0.5,0.000316,5.67e-18,0.92050712,34.71956106,12848400000000.0,7.935939008006896e-17,4.947000569713202e-05,3.5162945961258765e-16,0.00021919411619423384,,,,
0.5,0.0001778,3.19e-18,0.92050712,61.70630649,7331380000000.0,7.935939008006896e-17,4.947000569713202e-05,3.5162945961258765e-16,0.00021919411619423384,,,,
0.5,0.001,1.8e-17,0.92050712,10.97138129,38057300000000.0,7.935939008006896e-17,4.947000569713202e-05,3.5162945961258765e-16,0.00021919411619423384,,,,
0.5,0.00562,1.01e-16,0.92050712,1.952203077,149699000000000.0,7.935939008006896e-17,4.947000569713202e-05,3.5162945961258765e-16,0.00021919411619423384,,,,
0.5,0.00316,5.67e-17,0.92050712,3.471956106,100274000000000.0,7.935939008006896e-17,4.947000569713202e-05,3.5162945961258765e-16,0.00021919411619423384,,,,
0.5,0.001778,3.19e-17,0.92050712,6.170630649,63118700000000.0,7.935939008006896e-17,4.947000569713202e-05,3.5162945961258765e-16,0.00021919411619423384,,,,
0.5,0.01,1.8e-16,0.92050712,1.097138129,204278000000000.0,7.935939008006896e-17,4.947000569713202e-05,3.5162945961258765e-16,0.00021919411619423384,,,,
0.55,1e-18,2.57e-32,0.910698736,7652940000000000.0,0.066854421,7.591729445007243e-17,4.732431770413965e-05,4.0701744565970364e-16,0.000253721145478846,,,,
0.55,1e-16,2.5699999999999997e-30,0.910698736,76529400000000.0,6.68544211,7.591729445007243e-17,4.732431770413965e-05,4.0701744565970364e-16,0.000253721145478846,,,,
0.55,1e-14,2.57e-28,0.910698736,765294000000.0,668.544211,7.591729445007243e-17,4.732431770413965e-05,4.0701744565970364e-16,0.000253721145478846,,,,
0.55,1e-12,2.5700000000000002e-26,0.910698736,7652942564.0,66854.42109,7.591729445007243e-17,4.732431770413965e-05,4.0701744565970364e-16,0.000253721145478846,,,,
0.55,1e-10,2.5699999999999997e-24,0.910698736,76529425.64,6685441.998,7.591729445007243e-17,4.732431770413965e-05,4.0701744565970364e-16,0.000253721145478846,,,,
0.55,1e-08,2.57e-22,0.910698736,765294.2564,668543084.5,7.591729445007243e-17,4.732431770413965e-05,4.0701744565970364e-16,0.000253721145478846,,,,
0.55,1e-06,2.57e-20,0.910698736,7652.942564,66843157932.0,7.591729445007243e-17,4.732431770413965e-05,4.0701744565970364e-16,0.000253721145478846,,,,
0.55,1e-05,2.57e-19,0.910698736,765.2942564,667420000000.0,7.591729445007243e-17,4.732431770413965e-05,4.0701744565970364e-16,0.000253721145478846,,,,
0.55,0.0001,2.57e-18,0.910698736,76.52942564,6574870000000.0,7.591729445007243e-17,4.732431770413965e-05,4.0701744565970364e-16,0.000253721145478846,,,,
0.55,0.000562,1.45e-17,0.910698736,13.61733552,34351400000000.0,7.591729445007243e-17,4.732431770413965e-05,4.0701744565970364e-16,0.000253721145478846,,,,
0.55,0.000316,8.13e-18,0.910698736,24.21817267,20064000000000.0,7.591729445007243e-17,4.732431770413965e-05,4.0701744565970364e-16,0.000253721145478846,,,,
0.55,0.0001778,4.58e-18,0.910698736,43.04242162,11542100000000.0,7.591729445007243e-17,4.732431770413965e-05,4.0701744565970364e-16,0.000253721145478846,,,,
0.55,0.001,2.57e-17,0.910698736,7.652942564,57342600000000.0,7.591729445007243e-17,4.732431770413965e-05,4.0701744565970364e-16,0.000253721145478846,,,,
0.55,0.00562,1.45e-16,0.910698736,1.361733552,192956000000000.0,7.591729445007243e-17,4.732431770413965e-05,4.0701744565970364e-16,0.000253721145478846,,,,
0.55,0.00316,8.13e-17,0.910698736,2.421817267,138901000000000.0,7.591729445007243e-17,4.732431770413965e-05,4.0701744565970364e-16,0.000253721145478846,,,,
0.55,0.001778,4.58e-17,0.910698736,4.304242162,91921300000000.0,7.591729445007243e-17,4.732431770413965e-05,4.0701744565970364e-16,0.000253721145478846,,,,
0.55,0.01,2.57e-16,0.910698736,0.765294256,237749000000000.0,7.591729445007243e-17,4.732431770413965e-05,4.0701744565970364e-16,0.000253721145478846,,,,
0.6,1e-18,3.62e-32,0.901916197,5440340000000000.0,0.104027379,7.195870905694504e-17,4.485666716205492e-05,4.591269516386265e-16,0.0002862044792727567,,,,
0.6,1e-16,3.6199999999999995e-30,0.901916197,54403400000000.0,10.40273787,7.195870905694504e-17,4.485666716205492e-05,4.591269516386265e-16,0.0002862044792727567,,,,
0.6,1e-14,3.6199999999999997e-28,0.901916197,544034000000.0,1040.273787,7.195870905694504e-17,4.485666716205492e-05,4.591269516386265e-16,0.0002862044792727567,,,,
0.6,1e-12,3.62e-26,0.901916197,5440342517.0,104027.3787,7.195870905694504e-17,4.485666716205492e-05,4.591269516386265e-16,0.0002862044792727567,,,,
0.6,1e-10,3.62e-24,0.901916197,54403425.17,10402737.6,7.195870905694504e-17,4.485666716205492e-05,4.591269516386265e-16,0.0002862044792727567,,,,
0.6,1e-08,3.62e-22,0.901916197,544034.2517,1040271033.0,7.195870905694504e-17,4.485666716205492e-05,4.591269516386265e-16,0.0002862044792727567,,,,
0.6,1e-06,3.62e-20,0.901916197,5440.342517,104000000000.0,7.195870905694504e-17,4.485666716205492e-05,4.591269516386265e-16,0.0002862044792727567,,,,
0.6,1e-05,3.62e-19,0.901916197,544.0342517,1037530000000.0,7.195870905694504e-17,4.485666716205492e-05,4.591269516386265e-16,0.0002862044792727567,,,,
0.6,0.0001,3.62e-18,0.901916197,54.40342517,10135200000000.0,7.195870905694504e-17,4.485666716205492e-05,4.591269516386265e-16,0.0002862044792727567,,,,
0.6,0.000562,2.04e-17,0.901916197,9.680324763,50985400000000.0,7.195870905694504e-17,4.485666716205492e-05,4.591269516386265e-16,0.0002862044792727567,,,,
0.6,0.000316,1.14e-17,0.901916197,17.21627379,30355700000000.0,7.195870905694504e-17,4.485666716205492e-05,4.591269516386265e-16,0.0002862044792727567,,,,
0.6,0.0001778,6.44e-18,0.901916197,30.5981019,17668800000000.0,7.195870905694504e-17,4.485666716205492e-05,4.591269516386265e-16,0.0002862044792727567,,,,
0.6,0.001,3.62e-17,0.901916197,5.440342517,82604900000000.0,7.195870905694504e-17,4.485666716205492e-05,4.591269516386265e-16,0.0002862044792727567,,,,
0.6,0.00562,2.04e-16,0.901916197,0.968032476,227864000000000.0,7.195870905694504e-17,4.485666716205492e-05,4.591269516386265e-16,0.0002862044792727567,,,,
0.6,0.00316,1.14e-16,0.901916197,1.721627379,179611000000000.0,7.195870905694504e-17,4.485666716205492e-05,4.591269516386265e-16,0.0002862044792727567,,,,
0.6,0.001778,6.44e-17,0.901916197,3.05981019,126684000000000.0,7.195870905694504e-17,4.485666716205492e-05,4.591269516386265e-16,0.0002862044792727567,,,,
0.6,0.01,3.62e-16,0.901916197,0.544034252,247935000000000.0,7.195870905694504e-17,4.485666716205492e-05,4.591269516386265e-16,0.0002862044792727567,,,,
0.65,1e-18,4.990000000000001e-32,0.893813069,3947210000000000.0,0.158285021,6.739268084480496e-17,4.2010356959318555e-05,5.046454584710713e-16,0.0003145792032979042,,,,
0.65,1e-16,4.9899999999999994e-30,0.893813069,39472100000000.0,15.82850215,6.739268084480496e-17,4.2010356959318555e-05,5.046454584710713e-16,0.0003145792032979042,,,,
0.65,1e-14,4.99e-28,0.893813069,394721000000.0,1582.850215,6.739268084480496e-17,4.2010356959318555e-05,5.046454584710713e-16,0.0003145792032979042,,,,
0.65,1e-12,4.99e-26,0.893813069,3947209646.0,158285.0214,6.739268084480496e-17,4.2010356959318555e-05,5.046454584710713e-16,0.0003145792032979042,,,,
0.65,1e-10,4.9899999999999995e-24,0.893813069,39472096.46,15828501.5,6.739268084480496e-17,4.2010356959318555e-05,5.046454584710713e-16,0.0003145792032979042,,,,
0.65,1e-08,4.99e-22,0.893813069,394720.9646,1582843781.0,6.739268084480496e-17,4.2010356959318555e-05,5.046454584710713e-16,0.0003145792032979042,,,,
0.65,1e-06,4.99e-20,0.893813069,3947.209646,158221000000.0,6.739268084480496e-17,4.2010356959318555e-05,5.046454584710713e-16,0.0003145792032979042,,,,
0.65,1e-05,4.99e-19,0.893813069,394.7209646,1576450000000.0,6.739268084480496e-17,4.2010356959318555e-05,5.046454584710713e-16,0.0003145792032979042,,,,
0.65,0.0001,4.99e-18,0.893813069,39.47209646,15213000000000.0,6.739268084480496e-17,4.2010356959318555e-05,5.046454584710713e-16,0.0003145792032979042,,,,
0.65,0.000562,2.8e-17,0.893813069,7.023504709,72669500000000.0,6.739268084480496e-17,4.2010356959318555e-05,5.046454584710713e-16,0.0003145792032979042,,,,
0.65,0.000316,1.58e-17,0.893813069,12.49116977,44388900000000.0,6.739268084480496e-17,4.2010356959318555e-05,5.046454584710713e-16,0.0003145792032979042,,,,
0.65,0.0001778,8.87e-18,0.893813069,22.20027923,26260100000000.0,6.739268084480496e-17,4.2010356959318555e-05,5.046454584710713e-16,0.0003145792032979042,,,,
0.65,0.001,4.99e-17,0.893813069,3.947209646,113295000000000.0,6.739268084480496e-17,4.2010356959318555e-05,5.046454584710713e-16,0.0003145792032979042,,,,
0.65,0.00562,2.8e-16,0.893813069,0.702350471,244601000000000.0,6.739268084480496e-17,4.2010356959318555e-05,5.046454584710713e-16,0.0003145792032979042,,,,
0.65,0.00316,1.58e-16,0.893813069,1.249116977,215251000000000.0,6.739268084480496e-17,4.2010356959318555e-05,5.046454584710713e-16,0.0003145792032979042,,,,
0.65,0.001778,8.87e-17,0.893813069,2.220027923,164353000000000.0,6.739268084480496e-17,4.2010356959318555e-05,5.046454584710713e-16,0.0003145792032979042,,,,
0.65,0.01,4.99e-16,0.893813069,0.394720965,230930000000000.0,6.739268084480496e-17,4.2010356959318555e-05,5.046454584710713e-16,0.0003145792032979042,,,,
0.7,1e-18,6.730000000000001e-32,0.885972342,2926220000000000.0,0.235667705,6.20853321126821e-17,3.870193218753186e-05,5.39177811811601e-16,0.0003361055244398358,,,,
0.7,1e-16,6.73e-30,0.885972342,29262200000000.0,23.56677052,6.20853321126821e-17,3.870193218753186e-05,5.39177811811601e-16,0.0003361055244398358,,,,
0.7,1e-14,6.73e-28,0.885972342,292622000000.0,2356.677052,6.20853321126821e-17,3.870193218753186e-05,5.39177811811601e-16,0.0003361055244398358,,,,
0.7,1e-12,6.73e-26,0.885972342,2926216611.0,235667.705,6.20853321126821e-17,3.870193218753186e-05,5.39177811811601e-16,0.0003361055244398358,,,,
0.7,1e-10,6.729999999999999e-24,0.885972342,29262166.11,23566769.08,6.20853321126821e-17,3.870193218753186e-05,5.39177811811601e-16,0.0003361055244398358,,,,
0.7,1e-08,6.73e-22,0.885972342,292621.6611,2356662663.0,6.20853321126821e-17,3.870193218753186e-05,5.39177811811601e-16,0.0003361055244398358,,,,
0.7,1e-06,6.73e-20,0.885972342,2926.216611,235524000000.0,6.20853321126821e-17,3.870193218753186e-05,5.39177811811601e-16,0.0003361055244398358,,,,
0.7,1e-05,6.73e-19,0.885972342,292.6216611,2342390000000.0,6.20853321126821e-17,3.870193218753186e-05,5.39177811811601e-16,0.0003361055244398358,,,,
0.7,0.0001,6.73e-18,0.885972342,29.26216611,22219300000000.0,6.20853321126821e-17,3.870193218753186e-05,5.39177811811601e-16,0.0003361055244398358,,,,
0.7,0.000562,3.78e-17,0.885972342,5.206791123,99178900000000.0,6.20853321126821e-17,3.870193218753186e-05,5.39177811811601e-16,0.0003361055244398358,,,,
0.7,0.000316,2.13e-17,0.885972342,9.260179148,62599400000000.0,6.20853321126821e-17,3.870193218753186e-05,5.39177811811601e-16,0.0003361055244398358,,,,
0.7,0.0001778,1.2e-17,0.885972342,16.4579112,37839600000000.0,6.20853321126821e-17,3.870193218753186e-05,5.39177811811601e-16,0.0003361055244398358,,,,
0.7,0.001,6.73e-17,0.885972342,2.926216611,147406000000000.0,6.20853321126821e-17,3.870193218753186e-05,5.39177811811601e-16,0.0003361055244398358,,,,
0.7,0.00562,3.78e-16,0.885972342,0.520679112,237859000000000.0,6.20853321126821e-17,3.870193218753186e-05,5.39177811811601e-16,0.0003361055244398358,,,,
0.7,0.00316,2.13e-16,0.885972342,0.926017915,237622000000000.0,6.20853321126821e-17,3.870193218753186e-05,5.39177811811601e-16,0.0003361055244398358,,,,
0.7,0.001778,1.2e-16,0.885972342,1.64579112,199702000000000.0,6.20853321126821e-17,3.870193218753186e-05,5.39177811811601e-16,0.0003361055244398358,,,,
0.7,0.01,6.73e-16,0.885972342,0.292621661,193168000000000.0,6.20853321126821e-17,3.870193218753186e-05,5.39177811811601e-16,0.0003361055244398358,,,,
0.75,1e-18,8.900000000000001e-32,0.878223429,2213320000000000.0,0.344732312,5.58256294672881e-17,3.479984164452797e-05,5.565485795719526e-16,0.00034693388361952624,,,,
0.75,1e-16,8.9e-30,0.878223429,22133200000000.0,34.47323116,5.58256294672881e-17,3.479984164452797e-05,5.565485795719526e-16,0.00034693388361952624,,,,
0.75,1e-14,8.9e-28,0.878223429,221332000000.0,3447.323116,5.58256294672881e-17,3.479984164452797e-05,5.565485795719526e-16,0.00034693388361952624,,,,
0.75,1e-12,8.9e-26,0.878223429,2213320693.0,344732.3113,5.58256294672881e-17,3.479984164452797e-05,5.565485795719526e-16,0.00034693388361952624,,,,
0.75,1e-10,8.899999999999999e-24,0.878223429,22133206.93,34473228.05,5.58256294672881e-17,3.479984164452797e-05,5.565485795719526e-16,0.00034693388361952624,,,,
0.75,1e-08,8.9e-22,0.878223429,221332.0693,3447292055.0,5.58256294672881e-17,3.479984164452797e-05,5.565485795719526e-16,0.00034693388361952624,,,,
0.75,1e-06,8.9e-20,0.878223429,2213.320693,344422000000.0,5.58256294672881e-17,3.479984164452797e-05,5.565485795719526e-16,0.00034693388361952624,,,,
0.75,1e-05,8.9e-19,0.878223429,221.3320693,3416570000000.0,5.58256294672881e-17,3.479984164452797e-05,5.565485795719526e-16,0.00034693388361952624,,,,
0.75,0.0001,8.9e-18,0.878223429,22.13320693,31648800000000.0,5.58256294672881e-17,3.479984164452797e-05,5.565485795719526e-16,0.00034693388361952624,,,,
0.75,0.000562,5e-17,0.878223429,3.938293048,129581000000000.0,5.58256294672881e-17,3.479984164452797e-05,5.565485795719526e-16,0.00034693388361952624,,,,
0.75,0.000316,2.81e-17,0.878223429,7.004179408,85191900000000.0,5.58256294672881e-17,3.479984164452797e-05,5.565485795719526e-16,0.00034693388361952624,,,,
0.75,0.0001778,1.58e-17,0.878223429,12.44837285,52940000000000.0,5.58256294672881e-17,3.479984164452797e-05,5.565485795719526e-16,0.00034693388361952624,,,,
0.75,0.001,8.9e-17,0.878223429,2.213320693,181618000000000.0,5.58256294672881e-17,3.479984164452797e-05,5.565485795719526e-16,0.00034693388361952624,,,,
0.75,0.00562,5e-16,0.878223429,0.393829305,209903000000000.0,5.58256294672881e-17,3.479984164452797e-05,5.565485795719526e-16,0.00034693388361952624,,,,
0.75,0.00316,2.81e-16,0.878223429,0.700417941,240825000000000.0,5.58256294672881e-17,3.479984164452797e-05,5.565485795719526e-16,0.00034693388361952624,,,,
0.75,0.001778,1.58e-16,0.878223429,1.244837285,226442000000000.0,5.58256294672881e-17,3.479984164452797e-05,5.565485795719526e-16,0.00034693388361952624,,,,
0.75,0.01,8.9e-16,0.878223429,0.221332069,146653000000000.0,5.58256294672881e-17,3.479984164452797e-05,5.565485795719526e-16,0.00034693388361952624,,,,
0.8,1e-18,1.17e-31,0.87226248,1681340000000000.0,0.506392213,4.824428211799266e-17,3.007388172745729e-05,5.472335880301482e-16,0.0003411272275429502,,,,
0.8,1e-16,1.1700000000000001e-29,0.87226248,16813400000000.0,50.63922131,4.824428211799266e-17,3.007388172745729e-05,5.472335880301482e-16,0.0003411272275429502,,,,
0.8,1e-14,1.1700000000000001e-27,0.87226248,168134000000.0,5063.922131,4.824428211799266e-17,3.007388172745729e-05,5.472335880301482e-16,0.0003411272275429502,,,,
0.8,1e-12,1.17e-25,0.87226248,1681341123.0,506392.2124,4.824428211799266e-17,3.007388172745729e-05,5.472335880301482e-16,0.0003411272275429502,,,,
0.8,1e-10,1.1699999999999998e-23,0.87226248,16813411.23,50639214.56,4.824428211799266e-17,3.007388172745729e-05,5.472335880301482e-16,0.0003411272275429502,,,,
0.8,1e-08,1.1700000000000001e-21,0.87226248,168134.1123,5063854650.0,4.824428211799266e-17,3.007388172745729e-05,5.472335880301482e-16,0.0003411272275429502,,,,
0.8,1e-06,1.17e-19,0.87226248,1681.341123,505718000000.0,4.824428211799266e-17,3.007388172745729e-05,5.472335880301482e-16,0.0003411272275429502,,,,
0.8,1e-05,1.17e-18,0.87226248,168.1341123,4997430000000.0,4.824428211799266e-17,3.007388172745729e-05,5.472335880301482e-16,0.0003411272275429502,,,,
0.8,0.0001,1.17e-17,0.87226248,16.81341123,44753600000000.0,4.824428211799266e-17,3.007388172745729e-05,5.472335880301482e-16,0.0003411272275429502,,,,
0.8,0.000562,6.58e-17,0.87226248,2.991710183,163633000000000.0,4.824428211799266e-17,3.007388172745729e-05,5.472335880301482e-16,0.0003411272275429502,,,,
0.8,0.000316,3.7e-17,0.87226248,5.320699756,113378000000000.0,4.824428211799266e-17,3.007388172745729e-05,5.472335880301482e-16,0.0003411272275429502,,,,
0.8,0.0001778,2.08e-17,0.87226248,9.456361771,73060500000000.0,4.824428211799266e-17,3.007388172745729e-05,5.472335880301482e-16,0.0003411272275429502,,,,
0.8,0.001,1.17e-16,0.87226248,1.681341123,212784000000000.0,4.824428211799266e-17,3.007388172745729e-05,5.472335880301482e-16,0.0003411272275429502,,,,
0.8,0.00562,6.58e-16,0.87226248,0.299171018,167453000000000.0,4.824428211799266e-17,3.007388172745729e-05,5.472335880301482e-16,0.0003411272275429502,,,,
0.8,0.00316,3.7e-16,0.87226248,0.532069976,223041000000000.0,4.824428211799266e-17,3.007388172745729e-05,5.472335880301482e-16,0.0003411272275429502,,,,
0.8,0.001778,2.08e-16,0.87226248,0.945636177,239249000000000.0,4.824428211799266e-17,3.007388172745729e-05,5.472335880301482e-16,0.0003411272275429502,,,,
0.8,0.01,1.17e-15,0.87226248,0.168134112,100547000000000.0,4.824428211799266e-17,3.007388172745729e-05,5.472335880301482e-16,0.0003411272275429502,,,,
0.85,1e-18,1.6100000000000002e-31,0.874218005,1222680000000000.0,0.795637827,3.8569651521975215e-17,2.404303861966945e-05,4.938902919664028e-16,0.0003078747900240278,,,,
0.85,1e-16,1.61e-29,0.874218005,12226800000000.0,79.56378273,3.8569651521975215e-17,2.404303861966945e-05,4.938902919664028e-16,0.0003078747900240278,,,,
0.85,1e-14,1.6100000000000002e-27,0.874218005,122268000000.0,7956.378273,3.8569651521975215e-17,2.404303861966945e-05,4.938902919664028e-16,0.0003078747900240278,,,,
0.85,1e-12,1.61e-25,0.874218005,1222676171.0,795637.8257,3.8569651521975215e-17,2.404303861966945e-05,4.938902919664028e-16,0.0003078747900240278,,,,
0.85,1e-10,1.61e-23,0.874218005,12226761.71,79563766.11,3.8569651521975215e-17,2.404303861966945e-05,4.938902919664028e-16,0.0003078747900240278,,,,
0.85,1e-08,1.6100000000000001e-21,0.874218005,122267.6171,7956212062.0,3.8569651521975215e-17,2.404303861966945e-05,4.938902919664028e-16,0.0003078747900240278,,,,
0.85,1e-06,1.61e-19,0.874218005,1222.676171,793980000000.0,3.8569651521975215e-17,2.404303861966945e-05,4.938902919664028e-16,0.0003078747900240278,,,,
0.85,1e-05,1.61e-18,0.874218005,122.2676171,7793960000000.0,3.8569651521975215e-17,2.404303861966945e-05,4.938902919664028e-16,0.0003078747900240278,,,,
0.85,0.0001,1.61e-17,0.874218005,12.22676171,66019600000000.0,3.8569651521975215e-17,2.404303861966945e-05,4.938902919664028e-16,0.0003078747900240278,,,,
0.85,0.000562,9.06e-17,0.874218005,2.175580375,203510000000000.0,3.8569651521975215e-17,2.404303861966945e-05,4.938902919664028e-16,0.0003078747900240278,,,,
0.85,0.000316,5.09e-17,0.874218005,3.869228389,152498000000000.0,3.8569651521975215e-17,2.404303861966945e-05,4.938902919664028e-16,0.0003078747900240278,,,,
0.85,0.0001778,2.86e-17,0.874218005,6.876693875,103794000000000.0,3.8569651521975215e-17,2.404303861966945e-05,4.938902919664028e-16,0.0003078747900240278,,,,
0.85,0.001,1.61e-16,0.874218005,1.222676171,237160000000000.0,3.8569651521975215e-17,2.404303861966945e-05,4.938902919664028e-16,0.0003078747900240278,,,,
0.85,0.00562,9.06e-16,0.874218005,0.217558038,114899000000000.0,3.8569651521975215e-17,2.404303861966945e-05,4.938902919664028e-16,0.0003078747900240278,,,,
0.85,0.00316,5.09e-16,0.874218005,0.386922839,182161000000000.0,3.8569651521975215e-17,2.404303861966945e-05,4.938902919664028e-16,0.0003078747900240278,,,,
0.85,0.001778,2.86e-16,0.874218005,0.687669387,231062000000000.0,3.8569651521975215e-17,2.404303861966945e-05,4.938902919664028e-16,0.0003078747900240278,,,,
0.85,0.01,1.61e-15,0.874218005,0.122267617,57806400000000.0,3.8569651521975215e-17,2.404303861966945e-05,4.938902919664028e-16,0.0003078747900240278,,,,
0.9,1e-18,2.21e-31,0.878043091,890803000000000.0,1.299969064,2.4429954763718945e-17,1.522882169485549e-05,3.507152131305484e-16,0.0002186242053288727,,,,
0.9,1e-16,2.2100000000000002e-29,0.878043091,8908030000000.0,129.9969064,2.4429954763718945e-17,1.522882169485549e-05,3.507152131305484e-16,0.0002186242053288727,,,,
0.9,1e-14,2.21e-27,0.878043091,89080308819.0,12999.69064,2.4429954763718945e-17,1.522882169485549e-05,3.507152131305484e-16,0.0002186242053288727,,,,
0.9,1e-12,2.21e-25,0.878043091,890803088.2,1299969.06,2.4429954763718945e-17,1.522882169485549e-05,3.507152131305484e-16,0.0002186242053288727,,,,
0.9,1e-10,2.2099999999999997e-23,0.878043091,8908030.882,129996862.2,2.4429954763718945e-17,1.522882169485549e-05,3.507152131305484e-16,0.0002186242053288727,,,,
0.9,1e-08,2.2100000000000003e-21,0.878043091,89080.30882,12999248871.0,2.4429954763718945e-17,1.522882169485549e-05,3.507152131305484e-16,0.0002186242053288727,,,,
0.9,1e-06,2.21e-19,0.878043091,890.8030882,1295570000000.0,2.4429954763718945e-17,1.522882169485549e-05,3.507152131305484e-16,0.0002186242053288727,,,,
0.9,1e-05,2.21e-18,0.878043091,89.08030882,12574000000000.0,2.4429954763718945e-17,1.522882169485549e-05,3.507152131305484e-16,0.0002186242053288727,,,,
0.9,0.0001,2.21e-17,0.878043091,8.908030882,97579900000000.0,2.4429954763718945e-17,1.522882169485549e-05,3.507152131305484e-16,0.0002186242053288727,,,,
0.9,0.000562,1.24e-16,0.878043091,1.585058876,235096000000000.0,2.4429954763718945e-17,1.522882169485549e-05,3.507152131305484e-16,0.0002186242053288727,,,,
0.9,0.000316,6.99e-17,0.878043091,2.818997115,196996000000000.0,2.4429954763718945e-17,1.522882169485549e-05,3.507152131305484e-16,0.0002186242053288727,,,,
0.9,0.0001778,3.93e-17,0.878043091,5.010141103,145147000000000.0,2.4429954763718945e-17,1.522882169485549e-05,3.507152131305484e-16,0.0002186242053288727,,,,
0.9,0.001,2.21e-16,0.878043091,0.890803088,236115000000000.0,2.4429954763718945e-17,1.522882169485549e-05,3.507152131305484e-16,0.0002186242053288727,,,,
0.9,0.00562,1.24e-15,0.878043091,0.158505888,65628200000000.0,2.4429954763718945e-17,1.522882169485549e-05,3.507152131305484e-16,0.0002186242053288727,,,,
0.9,0.00316,6.99e-16,0.878043091,0.281899711,125753000000000.0,2.4429954763718945e-17,1.522882169485549e-05,3.507152131305484e-16,0.0002186242053288727,,,,
0.9,0.001778,3.93e-16,0.878043091,0.50101411,192543000000000.0,2.4429954763718945e-17,1.522882169485549e-05,3.507152131305484e-16,0.0002186242053288727,,,,
0.9,0.01,2.21e-15,0.878043091,0.089080309,26567000000000.0,2.4429954763718945e-17,1.522882169485549e-05,3.507152131305484e-16,0.0002186242053288727,,,,
0.95,1e-18,2.98e-31,0.881382506,661179000000000.0,0.0,0.0,0.0,0.0,0.0,,,,
0.95,1e-16,2.98e-29,0.881382506,6611790000000.0,0.0,0.0,0.0,0.0,0.0,,,,
0.95,1e-14,2.9800000000000003e-27,0.881382506,66117860123.0,0.0,0.0,0.0,0.0,0.0,,,,
0.95,1e-12,2.98e-25,0.881382506,661178601.2,0.0,0.0,0.0,0.0,0.0,,,,
0.95,1e-10,2.98e-23,0.881382506,6611786.012,0.0,0.0,0.0,0.0,0.0,,,,
0.95,1e-08,2.98e-21,0.881382506,66117.86012,0.0,0.0,0.0,0.0,0.0,,,,
0.95,1e-06,2.98e-19,0.881382506,661.1786012,0.0,0.0,0.0,0.0,0.0,,,,
0.95,1e-05,2.98e-18,0.881382506,66.11786012,0.0,0.0,0.0,0.0,0.0,,,,
0.95,0.0001,2.98e-17,0.881382506,6.611786012,0.0,0.0,0.0,0.0,0.0,,,,
0.95,0.000562,1.67e-16,0.881382506,1.176474379,0.0,0.0,0.0,0.0,0.0,,,,
0.95,0.000316,9.42e-17,0.881382506,2.092337346,0.0,0.0,0.0,0.0,0.0,,,,
0.95,0.0001778,5.3e-17,0.881382506,3.718664799,0.0,0.0,0.0,0.0,0.0,,,,
0.95,0.001,2.98e-16,0.881382506,0.661178601,0.0,0.0,0.0,0.0,0.0,,,,
0.95,0.00562,1.67e-15,0.881382506,0.117647438,0.0,0.0,0.0,0.0,0.0,,,,
0.95,0.00316,9.42e-16,0.881382506,0.209233735,0.0,0.0,0.0,0.0,0.0,,,,
0.95,0.001778,5.3e-16,0.881382506,0.37186648,0.0,0.0,0.0,0.0,0.0,,,,
0.95,0.01,2.98e-15,0.881382506,0.06611786,0.0,0.0,0.0,0.0,0.0,,,,
